city,outcome,window,expo,n,ndonor,beta,se,p,q,ci_l,ci_u,sig
Chongqing,survival_post,w0_90,anyhw3,5869,1615,-0.3350502113468475,0.04031662844590425,9.532216546930529e-17,1.4870257813211626e-14,-0.4140708031008198,-0.2560296195928752,*
Chongqing,survival_post,w70_90,anyhw3,5869,1615,-0.4566933485693997,0.05585892851631533,2.9382535332288426e-16,2.291837755918497e-14,-0.5661768484613777,-0.34720984867742166,*
Chongqing,survival_post,w0_90,hwp95,5869,1615,-0.27327186614373766,0.0368211830460146,1.1571919871012851e-13,6.017398332926683e-12,-0.3454413849139263,-0.20110234737354904,*
Chongqing,pr_pre,w0_9,hwp95,8102,2745,-0.29608633837213605,0.04199337392677717,1.7790855142513476e-12,6.938433505580256e-11,-0.3783933512686193,-0.21377932547565281,*
Wuhan,pr_post,w70_90,tmax,16621,2688,-0.01719980344551723,0.0025024264621746448,6.275530886693836e-12,1.9579656366484768e-10,-0.022104559311379536,-0.012295047579654926,*
Chongqing,pr_pre,w15_69,hwp95,8143,2763,-0.257736135937016,0.03790118552674924,1.0446455705332439e-11,2.716078483386434e-10,-0.3320224595694445,-0.1834498123045875,*
Chongqing,np_post,w0_90,hwp95,8143,2763,0.19045792528870847,0.028262250897298172,1.5953413468632723e-11,3.5553321444381494e-10,0.13506391353000405,0.2458519370474129,*
Chongqing,survival_post,w70_90,tmax,5869,1615,-0.021311067354197986,0.003339720412083357,1.7582820371847683e-10,3.428649972510298e-09,-0.027856919361881366,-0.014765215346514607,*
Chongqing,survival_post,w15_69,anyhw3,5869,1615,-0.2438870701852546,0.03853028055746029,2.4555762357855727e-10,4.256332142028326e-09,-0.3194064200778768,-0.16836772029263242,*
Wuhan,sc_pre,w70_90,hwp95,16621,2688,-0.3031862281122098,0.048039936613701845,2.7700750647526185e-10,4.321317101014085e-09,-0.3973445038750654,-0.20902795234935417,*
Chongqing,pr_pre,w0_90,hwp95,8143,2763,-0.24225352680526285,0.03857546117437981,3.3859388205104275e-10,4.801876872723879e-09,-0.31786143070704725,-0.16664562290347845,*
Chongqing,np_post,w0_9,hwp95,8102,2745,0.2637566482832136,0.04456844244537369,3.2585304037909535e-09,4.236089524928239e-08,0.17640250109028116,0.35111079547614604,*
Wuhan,sc_pre,w15_69,tmax,16621,2688,-0.016505823910395293,0.002865342023447914,8.386145666688037e-09,9.512953456261576e-08,-0.022121894276353204,-0.010889753544437383,*
Wuhan,sc_pre,w0_90,tmax,16621,2688,-0.018598185356898715,0.0032302579611700266,8.53726592228603e-09,9.512953456261576e-08,-0.024929490960791965,-0.012266879753005463,*
Wuhan,sc_pre,w70_90,tmax,16621,2688,-0.014697392155223045,0.0026530159911057286,3.026777251892046e-08,3.1478483419677277e-07,-0.019897303497790272,-0.009497480812655817,*
Chongqing,pr_pre,w0_90,tmax,8143,2763,-0.01773744152675451,0.0033622410437529364,1.324077323946246e-07,1.2909753908475898e-06,-0.024327433972510266,-0.011147449080998757,*
Chongqing,pr_pre,w70_90,tmax,8143,2763,-0.015307916910935122,0.0030572801760308534,5.527412179155086e-07,5.072213529107021e-06,-0.021300186055955593,-0.00931564776591465,*
Chongqing,survival_post,w0_90,tmax,5869,1615,-0.017969208437913584,0.0036590483503099805,9.066084610722385e-07,7.857273329292735e-06,-0.025140943204521145,-0.010797473671306023,*
Chongqing,pr_pre,w70_90,anyhw3,8143,2763,-0.2192432759912741,0.04500341367532336,1.1064027159021675e-06,8.476971964204934e-06,-0.3074499667949079,-0.13103658518764033,*
Wuhan,sc_pre,w0_90,hwp95,16621,2688,-0.2403797243690986,0.04936082635459811,1.116840944131227e-06,8.476971964204934e-06,-0.3371269440241109,-0.1436325047140863,*
Chongqing,pr_pre,w15_69,tmax,8143,2763,-0.014067801866272916,0.002891281000966633,1.1411308413352795e-06,8.476971964204934e-06,-0.019734712628167516,-0.008400891104378316,*
Wuhan,tsc,w0_90,anyhw3,16621,2688,-0.15427866455604614,0.03254428393765587,2.1311106700299674e-06,1.511151202384886e-05,-0.21806546107385164,-0.09049186803824064,*
Wuhan,tsc,w15_69,anyhw3,16621,2688,-0.1468578932066222,0.031139667640920608,2.4040426478028144e-06,1.6305680567706046e-05,-0.2078916417828266,-0.08582414463041782,*
Chongqing,survival_post,w15_69,tmax,5869,1615,-0.014607194267887638,0.0031259843576765516,2.9707729021107747e-06,1.9310023863720034e-05,-0.020734123608933678,-0.008480264926841598,*
Chongqing,survival_post,w70_90,hwp95,5869,1615,-0.27062864499039085,0.05816932589630086,3.2804808150296336e-06,2.047020028578491e-05,-0.38464052374714053,-0.15661676623364118,*
Chongqing,pr_pre,w0_90,anyhw3,8143,2763,-0.18254111698414455,0.03944033575868271,3.687062601503943e-06,2.212237560902366e-05,-0.25984417507116264,-0.10523805889712644,*
Chongqing,np_post,w70_90,anyhw3,8143,2763,-0.15646153410043095,0.03585891266546845,1.281421820018794e-05,7.403770515664142e-05,-0.2267450029247491,-0.0861780652761128,*
Wuhan,volume,w0_90,anyhw3,16621,2688,-0.13842767650427432,0.03210718749939609,1.62207035971928e-05,9.037249147007417e-05,-0.20135776400309063,-0.07549758900545799,*
Chongqing,pr_post,w15_69,hwp95,8143,2763,-0.18053651262314582,0.04216302958484647,1.8533120251365896e-05,9.96954054901062e-05,-0.2631760506094449,-0.09789697463684675,*
Wuhan,tsc,w0_90,hwp95,16621,2688,-0.1961912122468256,0.04625999558041757,2.2247103625160013e-05,0.0001131392732432771,-0.28686080358444405,-0.10552162090920715,*
Wuhan,pr_post,w0_90,tmax,16621,2688,-0.01164220695702097,0.002746652258710476,2.248280429834353e-05,0.0001131392732432771,-0.017025645384093503,-0.006258768529948437,*
Wuhan,volume,w15_69,anyhw3,16621,2688,-0.127601751342761,0.03107389445812179,4.018782953074898e-05,0.00019337515430375125,-0.1885065844806797,-0.06669691820484229,*
Chongqing,survival_post,w15_69,hwp95,5869,1615,-0.14932132576411317,0.0364862408961051,4.26677374276839e-05,0.00019337515430375125,-0.22083435792047917,-0.07780829360774717,*
Wuhan,tsc,w70_90,hwp95,16621,2688,-0.20105812971355186,0.04915153184315358,4.3030116487425276e-05,0.00019337515430375125,-0.2973951321261329,-0.10472112730097084,*
Chongqing,np_post,w15_69,hwp95,8143,2763,0.1219890539873829,0.02983588050948762,4.3385451286098035e-05,0.00019337515430375125,0.06351072818878717,0.18046737978597863,*
Chongqing,pr_post,w0_90,hwp95,8143,2763,-0.16245557249244366,0.04024928685866782,5.4315857526181693e-05,0.00023536871594678733,-0.24134417473543257,-0.08356697024945474,*
Wuhan,pr_post,w70_90,hwp95,16621,2688,-0.20723687647516043,0.052516027396202376,7.941310584292476e-05,0.00033482282463503417,-0.3101682901717171,-0.10430546277860377,*
Chongqing,pr_pre,w15_69,anyhw3,8143,2763,-0.1589867159562395,0.04119111389275888,0.00011351081932070585,0.00046599178457973974,-0.2397212991860469,-0.0782521327264321,*
Wuhan,pr_post,w0_90,hwp95,16621,2688,-0.16797808203771822,0.04400454456007549,0.00013492586585066738,0.0005397034634026695,-0.2542269893754662,-0.08172917469997025,*
Wuhan,pr_post,w15_69,tmax,16621,2688,-0.00907924060412796,0.0024107965733514074,0.00016583402303001711,0.0006467526898170668,-0.013804401887896719,-0.004354079320359202,*
Wuhan,tsc,w15_69,hwp95,16621,2688,-0.1853351042909498,0.049651543358562006,0.00018942622594650974,0.0007207436889672078,-0.2826521292737313,-0.08801807930816827,*
Wuhan,sc_pre,w0_9,tmax,16621,2688,-0.010316621242337688,0.002844747418509811,0.0002872322476457675,0.0010668626341128508,-0.015892326182616916,-0.0047409163020584585,*
Wuhan,sc_pre,w15_69,hwp95,16621,2688,-0.18566254021386852,0.053809080287214706,0.0005597684641774942,0.002030787916550909,-0.29112833757680934,-0.0801967428509277,*
Chongqing,volume,w70_90,tmax,8143,2763,-0.010716976781219127,0.003116718599672806,0.0005848495850088915,0.002073557619576979,-0.016825745236577826,-0.004608208325860428,*
Chongqing,pr_pre,w0_9,tmax,8102,2745,-0.009085503476198489,0.00265556357221137,0.0006232048816048834,0.002160443589563596,-0.014290408077732773,-0.0038805988746642038,*
Chongqing,pr_post,w15_69,anyhw3,8143,2763,-0.1303138007509944,0.0381678834362434,0.0006396336649580535,0.0021691924289881813,-0.2051228522860315,-0.05550474921595734,*
Chongqing,survival_post,w0_9,hwp95,5844,1606,-0.1331997644621545,0.03972767291526159,0.0007999250637059761,0.00265507042421558,-0.21106600337606723,-0.055333525548241794,*
Chongqing,np_post,w0_9,tmax,8102,2745,0.006977952552386865,0.00210328273617138,0.0009077868599297499,0.002950307294771687,0.0028555183894909608,0.01110038671528277,*
Chongqing,np_post,w15_69,tmax,8143,2763,0.008036985262196723,0.002435169353586678,0.0009655384961213829,0.0030739592937741984,0.003264053329166834,0.012809917195226611,*
Wuhan,pr_post,w0_90,anyhw3,16621,2688,-0.0857785825358506,0.027015311943614128,0.0014974158784728743,0.004671937540835368,-0.1387285939453343,-0.03282857112636692,*
Wuhan,pr_pre,w15_69,anyhw3,16621,2688,-0.0852225840093702,0.02744099206074039,0.0018985037091637869,0.005807187816265701,-0.13900692844842136,-0.03143823957031904,*
Wuhan,pr_post,w15_69,hwp95,16621,2688,-0.13511256399759877,0.04677035161121517,0.0038665258016590313,0.011599577404977095,-0.2267824531555805,-0.04344267483961704,*
Chongqing,pr_pre,w70_90,hwp95,8143,2763,-0.14135703148370518,0.05029986334883169,0.00494974027800641,0.014569046856018867,-0.2399447636474153,-0.04276929931999507,*
Wuhan,pr_post,w0_9,anyhw3,16621,2688,-0.14381535426867798,0.05163404884933957,0.005348129256403085,0.015450151185164466,-0.24501809001338354,-0.04261261852397241,*
Chongqing,np_post,w0_90,tmax,8143,2763,0.0075686789418412045,0.0028026618624248756,0.006922861029178776,0.01963575128276162,0.0020754616914884488,0.01306189619219396,*
Chongqing,pr_post,w0_90,anyhw3,8143,2763,-0.09073261774224248,0.035568850452944355,0.010744482799481467,0.02993105922712694,-0.16044756463001342,-0.021017670854471537,*
Wuhan,tsc,w70_90,tmax,16621,2688,-0.006704456610113876,0.002757815070700449,0.015054077869516989,0.04120063416920439,-0.012109774148686756,-0.0012991390715409966,*
Chongqing,np_post,w0_90,anyhw3,8143,2763,-0.07089440540078693,0.029583339625006026,0.016555651101617407,0.044158067367160506,-0.12887775106579874,-0.012911059735775117,*
Wuhan,volume,w0_90,hwp95,16621,2688,-0.11585757661282434,0.04841056581348739,0.01670080752988763,0.044158067367160506,-0.2107422856072596,-0.020972867618389054,*
Wuhan,pr_pre,w0_90,anyhw3,16621,2688,-0.06174527564666789,0.026049871276332865,0.01777501218463885,0.04562468782192297,-0.1128030233482803,-0.010687527945055474,*
Wuhan,volume,w15_69,hwp95,16621,2688,-0.1225114000819074,0.05171628146250669,0.01784042280216219,0.04562468782192297,-0.2238753117484205,-0.021147488415394294,*
Chongqing,tsc,w0_90,tmax,8143,2763,-0.008757795169811868,0.003733704736153644,0.018996245299780168,0.04779700430267268,-0.01607585645267301,-0.0014397338869507259,*
Chongqing,volume,w0_90,tmax,8143,2763,-0.009295123930067865,0.004163350451273563,0.025574894770907946,0.06267227462671027,-0.01745529081456405,-0.0011349570455716808,*
Chongqing,tsc,w15_69,tmax,8143,2763,-0.007209981498064622,0.0032323947376721998,0.02571170241095806,0.06267227462671027,-0.013545475183902134,-0.0008744878122271113,*
Chongqing,sc_post,w15_69,tmax,8143,2763,-0.00657146940780653,0.003010236344988143,0.029032789665499697,0.06967869519719927,-0.01247153264398329,-0.0006714061716297697,*
Chongqing,volume,w70_90,anyhw3,8143,2763,-0.10679401435419493,0.049466669156980836,0.030857263409775373,0.07195476002195218,-0.20374868590187736,-0.009839342806512497,*
Chongqing,sc_post,w15_69,anyhw3,8143,2763,0.07791901540619697,0.03610184505624284,0.030903646932505104,0.07195476002195218,0.007159399095961014,0.14867863171643292,*
Chongqing,survival_post,w0_9,anyhw3,5844,1606,-0.0741556841795088,0.03447287391511864,0.0314658236548212,0.0721863013257663,-0.14172251705314132,-0.0065888513058762616,*
Wuhan,volume,w70_90,hwp95,16621,2688,-0.1040384216227403,0.05059460266201056,0.03975219907929833,0.08916727506287231,-0.20320384284028098,-0.004873000405199598,*
Chongqing,pr_post,w0_9,anyhw3,8102,2745,-0.07206385602167066,0.03509086511143159,0.04001095675898116,0.08916727506287231,-0.14084195164007657,-0.0032857604032647397,*
Wuhan,pr_pre,w15_69,tmax,16621,2688,0.0044156019649720935,0.002271055932183219,0.05185992593446119,0.11394575275740768,-3.5667662107016426e-05,0.008866871592051203,
Wuhan,pr_post,w0_9,hwp95,16621,2688,-0.1520466718594552,0.07851266484418579,0.05279574582778373,0.11439078262686474,-0.30593149495405936,0.0018381512351489382,
Wuhan,pr_post,w15_69,anyhw3,16621,2688,-0.05371583680808236,0.02800956645279576,0.05514049584568065,0.11714031976571372,-0.10861458705556204,0.0011829134393973248,
Chongqing,sc_post,w0_9,hwp95,8102,2745,-0.09074718779806389,0.04740193181669812,0.05556656194014625,0.11714031976571372,-0.1836549741587922,0.0021605985626644286,
Chongqing,volume,w15_69,tmax,8143,2763,-0.006771485478586231,0.003635697377175701,0.0625326797789679,0.1300679739402532,-0.013897452337850606,0.0003544813806781429,
Wuhan,pr_post,w70_90,anyhw3,16621,2688,-0.06492784204090343,0.03505993117384552,0.06403872765496264,0.1314479146601865,-0.13364530714164063,0.0037896230598337827,
Chongqing,pr_post,w70_90,anyhw3,8143,2763,-0.08209518034502046,0.04493786091073838,0.06772082259034817,0.13720062758564044,-0.17017338773006768,0.0059830270400267616,
Wuhan,tsc,w70_90,anyhw3,16621,2688,-0.06438897871415053,0.035588496358049095,0.07041002761781465,0.13918637269183676,-0.13414243157592676,0.005364474147625697,
Chongqing,sc_pre,w0_9,tmax,8102,2745,-0.005477814695397084,0.00302846058922106,0.07048540668368657,0.13918637269183676,-0.011413597450270362,0.00045796805947619437,
Chongqing,pr_post,w15_69,tmax,8143,2763,0.005299552179065254,0.0029879447338097714,0.07612194790166696,0.14843779840825058,-0.0005568194992018978,0.011155923857332405,
Chongqing,tsc,w0_9,tmax,8102,2745,-0.005318349337523946,0.0031151930047757757,0.08777940741439692,0.1681461828186908,-0.011424127626884467,0.0007874289518365737,
Chongqing,sc_post,w0_90,tmax,8143,2763,-0.005926602670317358,0.0034780908455339385,0.08838453199444003,0.1681461828186908,-0.012743660727563878,0.0008904553869291615,
Chongqing,tsc,w70_90,tmax,8143,2763,-0.005119664991555937,0.003022544563850918,0.09029832533686309,0.16971733436808004,-0.011043852336703736,0.0008045223535918626,
Wuhan,sc_pre,w15_69,anyhw3,16621,2688,-0.052386492441887964,0.031360192554054436,0.09482495023367413,0.1761034790053948,-0.11385246984783465,0.009079484964058727,
Chongqing,sc_pre,w70_90,tmax,8143,2763,0.00526651705239018,0.003231814321000973,0.10318917707100717,0.18763487338045287,-0.0010678390167717274,0.011600873121552087,
Chongqing,sc_post,w0_90,hwp95,8143,2763,-0.06574829764358453,0.040375969722725356,0.10343973788922402,0.18763487338045287,-0.14488519830012622,0.013388603012957162,
Chongqing,np_post,w0_9,anyhw3,8102,2745,0.047343040513275016,0.029878844691951248,0.1130798971815949,0.20276395356699775,-0.011219495082949428,0.10590557610949947,
Chongqing,tsc,w15_69,hwp95,8143,2763,-0.07529082989606654,0.048279834652119345,0.1188857864115422,0.21075207591137027,-0.16991930581422046,0.019337646022087374,
Chongqing,sc_post,w0_9,anyhw3,8102,2745,0.05488138153305966,0.035859503996144515,0.12590397606046116,0.22068562095990946,-0.015403246299383583,0.1251660093655029,
Wuhan,pr_pre,w15_69,hwp95,16621,2688,-0.06662788447501496,0.04438380812898525,0.1333101801893024,0.23107097899479084,-0.15362014840782606,0.020364379457796136,
Wuhan,pr_pre,w0_90,tmax,16621,2688,0.0036660550183957026,0.0025509383214705112,0.15067827101484435,0.25830560745401887,-0.0013337840916864993,0.008665894128477904,
Wuhan,volume,w70_90,anyhw3,16621,2688,-0.04848667657855374,0.035028210014011046,0.16629173287202992,0.2819729383482246,-0.11714196820601538,0.020168615048907906,
Chongqing,pr_post,w0_9,hwp95,8102,2745,-0.06571732221311719,0.048515889001653545,0.17556015305979666,0.293147136622106,-0.16080846465635812,0.029373820230123762,
Wuhan,tsc,w0_90,tmax,16621,2688,-0.004146436895070487,0.0030789444920844814,0.17807453373037574,0.293147136622106,-0.01018116809955607,0.0018882943094150964,
Chongqing,pr_post,w0_90,tmax,8143,2763,0.004631844383259471,0.003442908914144323,0.17851908960961582,0.293147136622106,-0.0021162570884634023,0.011379945854982344,
Wuhan,sc_pre,w0_90,anyhw3,16621,2688,-0.040908920396438446,0.030540487525478815,0.18040862175156558,0.2931640103462941,-0.10076827594637691,0.018950435153500027,
Chongqing,tsc,w70_90,anyhw3,8143,2763,-0.06349199546726053,0.04836622191954354,0.18927251638737064,0.3043970366642249,-0.15828979042956587,0.031305799495044806,
Wuhan,tsc,w0_9,hwp95,16621,2688,-0.095345622220598,0.07307243702917357,0.19195766660582103,0.30556526520926613,-0.2385675987977782,0.04787635435658219,
Wuhan,pr_pre,w0_9,anyhw3,16621,2688,-0.05285341710687419,0.04131056767714341,0.2007504674285152,0.3163340698873573,-0.13382212975407526,0.028115295540326893,
Chongqing,np_post,w70_90,hwp95,8143,2763,0.04880340169908666,0.03864541701992957,0.20664274934734117,0.3223626889818522,-0.0269416156599753,0.12454841905814862,
Chongqing,sc_pre,w0_90,hwp95,8143,2763,-0.06145465756017275,0.04998439178909035,0.21889303486467426,0.33809221226622954,-0.15942406546678983,0.03651475034644433,
Chongqing,tsc,w0_90,hwp95,8143,2763,-0.05824943542898065,0.04771158799309278,0.22213691953964632,0.33973881811945905,-0.1517641478954425,0.0352652770374812,
Wuhan,pr_pre,w0_90,hwp95,16621,2688,-0.04788041386351244,0.03941972610350565,0.22450693225633345,0.34002991681541767,-0.1251430770263835,0.029382249299358634,
Wuhan,volume,w0_9,hwp95,16621,2688,-0.0904463534948714,0.07561056302258008,0.2316133712786198,0.34742005691792965,-0.23864305701912836,0.057750350029385555,
Wuhan,sc_pre,w70_90,anyhw3,16621,2688,-0.04143019458100944,0.03509054403538192,0.23773563357937888,0.3532072270322201,-0.11020766089035801,0.02734727172833913,
Wuhan,volume,w0_9,tmax,16621,2688,0.0030633579026791142,0.0026388712279733183,0.24569916949497317,0.35984747836815245,-0.0021088297041485893,0.008235545509506817,
Wuhan,tsc,w0_9,anyhw3,16621,2688,-0.055875087845070635,0.04824671803550859,0.2468184627268738,0.35984747836815245,-0.15043865519466748,0.0386884795045262,
Wuhan,volume,w0_9,anyhw3,16621,2688,-0.055198302084175484,0.04863333278641609,0.2563798899404013,0.37032650769169073,-0.15051963434555102,0.04012303017720006,
Chongqing,sc_pre,w15_69,hwp95,8143,2763,-0.056181565457377965,0.050314332079329616,0.2641604414407903,0.37584520176740904,-0.15479765633286402,0.042434525418108084,
Wuhan,tsc,w15_69,tmax,16621,2688,-0.003106787762529514,0.002787340249536222,0.26501905252830127,0.37584520176740904,-0.008569974651620509,0.0023563991265614813,
Chongqing,np_post,w15_69,anyhw3,8143,2763,0.03397145225246801,0.03080352597198233,0.2700953614154694,0.3795934809082273,-0.026403458652617354,0.09434636315755338,
Chongqing,np_post,w70_90,tmax,8143,2763,-0.0023969162132777013,0.002370682371106868,0.3119848680692475,0.43455035195359476,-0.007043453660647164,0.0022496212340917606,
Wuhan,pr_pre,w70_90,tmax,16621,2688,0.0024002651116393943,0.002439682544019261,0.3251926087194207,0.44893846867459847,-0.002381512674638357,0.007182042897917146,
Chongqing,sc_pre,w15_69,anyhw3,8143,2763,0.039530536870711334,0.040603942128842885,0.33027306157618863,0.451045424455627,-0.04005318970182072,0.11911426344324338,
Chongqing,pr_pre,w0_9,anyhw3,8102,2745,-0.034452183753807715,0.03555115166133194,0.33250143469485327,0.451045424455627,-0.10413244101001831,0.035228073502402875,
Chongqing,volume,w0_90,anyhw3,8143,2763,-0.0398559639661692,0.04249233214863369,0.3482667071255672,0.46835867509990065,-0.12314093497749123,0.043429007045152825,
Wuhan,pr_post,w0_9,tmax,16621,2688,-0.0021881817912398098,0.00237478232420991,0.3568290235650087,0.47577203142001157,-0.006842755146691234,0.002466391564211614,
Chongqing,sc_pre,w70_90,anyhw3,8143,2763,0.04503381815692556,0.04919755422903182,0.3599989907942126,0.4759308691855692,-0.0513933881319768,0.14146102444582792,
Chongqing,sc_post,w70_90,hwp95,8143,2763,-0.05367070889962674,0.06050312252813354,0.3750393993263925,0.4903110483514315,-0.17225682905476847,0.064915411255515,
Chongqing,tsc,w70_90,hwp95,8143,2763,-0.05361534500087037,0.06071012206710619,0.37716234488571654,0.4903110483514315,-0.1726071842523985,0.06537649425065775,
Wuhan,volume,w70_90,tmax,16621,2688,-0.0023607667867187854,0.0027658705460489857,0.3933627931027138,0.5071454192068047,-0.007781873056974798,0.0030603394835372268,
Wuhan,pr_pre,w70_90,hwp95,16621,2688,-0.043967484344703635,0.0519136085926419,0.39703100629256594,0.5076789916527892,-0.14571815718628175,0.05778318849687449,
Chongqing,survival_post,w0_9,tmax,5844,1606,-0.0026178029850918603,0.0031992045665694946,0.413204840986072,0.5240646763725793,-0.00888824393556807,0.003652637965384349,
Chongqing,sc_pre,w0_90,anyhw3,8143,2763,0.030234906540276885,0.04159317422586427,0.46727501857086806,0.5878621201375437,-0.05128771494241707,0.11175752802297084,
Chongqing,volume,w0_9,hwp95,8102,2745,0.04744523738140678,0.06669140146624002,0.4768273479408728,0.5950805302302092,-0.08326990949242365,0.17816038425523723,
Chongqing,sc_post,w0_90,anyhw3,8143,2763,0.02428588444697589,0.03582641549414088,0.4978500135221865,0.6163857310274691,-0.04593388992154024,0.09450565881549203,
Chongqing,sc_pre,w0_9,hwp95,8102,2745,-0.03409559520544372,0.053812060691937155,0.526338582464847,0.6465261327914656,-0.13956723416164055,0.0713760437507531,
Chongqing,pr_post,w70_90,tmax,8143,2763,0.001819323083575775,0.0029645228115492786,0.5394146063242793,0.6518588297939512,-0.0039911416270608105,0.007629787794212361,
Wuhan,volume,w15_69,tmax,16621,2688,0.0017186431086209256,0.002813736695558123,0.5413289967315414,0.6518588297939512,-0.0037962808146729957,0.007233567031914846,
Chongqing,sc_pre,w15_69,tmax,8143,2763,-0.0020810964138007777,0.003423095474537462,0.5432156914949593,0.6518588297939512,-0.008790363543894203,0.004628170716292648,
Chongqing,tsc,w15_69,anyhw3,8143,2763,0.022815300188961225,0.03848661255038228,0.553307420658038,0.6589004398675872,-0.052618460409788036,0.09824906078771048,
Chongqing,pr_post,w0_9,tmax,8102,2745,-0.0015626628793481085,0.002742531859660663,0.5688212144895419,0.6722432534876405,-0.006938025324283007,0.00381269956558679,
Chongqing,volume,w15_69,hwp95,8143,2763,-0.03210484698759838,0.05903509534284398,0.5865608978983163,0.6879962411438898,-0.14781363385957258,0.08360393988437581,
Chongqing,sc_post,w70_90,tmax,8143,2763,-0.0016106011892529667,0.0030772901515018804,0.6007077886427915,0.6957800042850099,-0.007642089886196652,0.004420887507690719,
Chongqing,volume,w70_90,hwp95,8143,2763,-0.035113536225993086,0.0673501265690768,0.6021173114004893,0.6957800042850099,-0.1671197843013836,0.09689271184939743,
Chongqing,sc_post,w70_90,anyhw3,8143,2763,-0.022836881341511732,0.04507562911356374,0.6124111016370593,0.7024715577601562,-0.11118511440409667,0.0655113517210732,
Chongqing,volume,w0_9,tmax,8102,2745,-0.0017490317001546362,0.003613987360624222,0.6284130048881158,0.7155651734492413,-0.008832446926978111,0.005334383526668839,
Wuhan,pr_pre,w0_9,hwp95,16621,2688,-0.029638663037892546,0.0623019189621465,0.6342693627381717,0.7170001491822809,-0.15175042420369966,0.09247309812791459,
Chongqing,sc_post,w0_9,tmax,8102,2745,-0.0012247105243551155,0.002827982381727571,0.6649648941899279,0.7425251515757108,-0.006767555992541155,0.004318134943830924,
Wuhan,pr_pre,w70_90,anyhw3,16621,2688,0.015393062219614784,0.03570340888882874,0.6663687257730737,0.7425251515757108,-0.05458561920248954,0.08537174364171911,
Wuhan,volume,w0_90,tmax,16621,2688,0.00127839627015352,0.003118336742408229,0.6818345988757404,0.7543701945008192,-0.004833543744966608,0.007390336285273649,
Chongqing,sc_pre,w0_90,tmax,8143,2763,-0.0013250775422316739,0.0038878340385786257,0.7332340689428003,0.8055247517963159,-0.00894523225784578,0.006295077173382433,
Chongqing,tsc,w0_90,anyhw3,8143,2763,-0.012231506346529336,0.03700460982493656,0.7409919203743562,0.8083548222265704,-0.08476054160340499,0.060297528910346315,
Chongqing,pr_post,w70_90,hwp95,8143,2763,-0.014770193256223776,0.054382776408983396,0.7859319865798847,0.8514263187948752,-0.12136043501783124,0.09182004850538368,
Wuhan,pr_pre,w0_9,tmax,16621,2688,0.0003884933829239114,0.0021230234158033045,0.8548053741477977,0.9189925041836768,-0.003772632512050565,0.004549619277898388,
Chongqing,tsc,w0_9,anyhw3,8102,2745,0.00636107468898809,0.036087343139902466,0.8600827282744667,0.9189925041836768,-0.06437011786522073,0.07709226724319693,
Chongqing,sc_pre,w70_90,hwp95,8143,2763,-0.010761386955163831,0.069410136914781,0.876789336429124,0.9247631567798783,-0.14680525530813457,0.12528248139780693,
Chongqing,sc_post,w15_69,hwp95,8143,2763,0.006303065749970521,0.04083807809026781,0.877339405150141,0.9247631567798783,-0.07373956730695437,0.08634569880689542,
Wuhan,sc_pre,w0_9,hwp95,16621,2688,0.009832954915539234,0.08172233612362734,0.9042284650642293,0.9467089969799984,-0.15034282388677034,0.1700087337178488,
Chongqing,volume,w0_90,hwp95,8143,2763,-0.006492103180086423,0.05849438935421186,0.9116268400574471,0.9480919136597449,-0.12114110631434166,0.10815689995416883,
Chongqing,volume,w0_9,anyhw3,8102,2745,0.00361198376840477,0.04222874683598884,0.9318370520957016,0.9607349468683486,-0.07915636003013335,0.08638032756694289,
Chongqing,sc_pre,w0_9,anyhw3,8102,2745,0.0030448926108049895,0.03797965552349239,0.9361007174614678,0.9607349468683486,-0.07139523221524009,0.07748501743685006,
Chongqing,tsc,w0_9,hwp95,8102,2745,0.002159461041202063,0.053828872992549404,0.9679997280625545,0.9861154005717266,-0.10334513002419478,0.10766405210659889,
Wuhan,tsc,w0_9,tmax,16621,2688,8.327910261900645e-05,0.0025976329566479196,0.9744245124373213,0.9861154005717266,-0.005008081492410916,0.005174639697648929,
Chongqing,volume,w15_69,anyhw3,8143,2763,-0.0011630611489717245,0.04592181181376138,0.9797941480039591,0.9861154005717266,-0.09116981230394403,0.08884369000600056,
Wuhan,sc_pre,w0_9,anyhw3,16621,2688,-0.00046294736270299964,0.04970673880861833,0.9925689509724025,0.9925689509724024,-0.09788815542759492,0.09696226070218893,
