city,outcome,window,expo,n,ndonor,beta,se,ci_l,ci_u,p,sig,q
Chongqing,survival_post,w0_90,anyhw3,5869,1616,-0.3365577761347938,0.04034007323502661,-0.415624319675446,-0.25749123259414164,7.242088654014012e-17,*,1.3904810215706903e-14
Chongqing,survival_post,w70_90,anyhw3,5830,1614,-0.459277351165414,0.05586225779886042,-0.5687673764511805,-0.34978732587964756,2.0079959792624541e-16,*,1.927676140091956e-14
Wuhan,tsc,w70_90,hwp95,34709,10090,-0.026184246300403922,0.003317508406704341,-0.032686562777544434,-0.019681929823263413,2.9561237067527654e-15,*,1.89191917232177e-13
Wuhan,sc_pre,w70_90,tmax,35424,10226,-0.012054187785607554,0.0016912845264713075,-0.015369105457491317,-0.008739270113723791,1.024027479043155e-12,*,4.9153318994071444e-11
Wuhan,sc_pre,w0_90,tmax,33627,9790,-0.013313083801707514,0.0018902322133741334,-0.017017938939920815,-0.009608228663494213,1.880168349144856e-12,*,7.219846460716246e-11
Chongqing,np_post,w15_69,hw3,8143,2764,0.007856318946149516,0.0011291996245046104,0.00564308768212048,0.010069550210178552,3.465543198882768e-12,*,1.1089738236424857e-10
Wuhan,pr_post,w70_90,tmax,16709,3498,-0.01630744207548114,0.0023463895064491074,-0.020906365508121392,-0.01170851864284089,3.6524758449516556e-12,*,1.0018219460438826e-10
Wuhan,sc_pre,w15_69,tmax,34400,10146,-0.01158128482916786,0.0017020301392275193,-0.014917263902053798,-0.008245305756281922,1.014749901224154e-11,*,2.43539976293797e-10
Wuhan,sc_pre,w70_90,hw3,35424,10226,-0.015261714045040597,0.002247326668395281,-0.01966647431509535,-0.010856953774985845,1.1131817822767295e-11,*,2.3747878021903565e-10
Wuhan,sc_pre,w70_90,hwp95,35424,10226,-0.02576037188375236,0.0038849991689117757,-0.03337497025481944,-0.01814577351268528,3.3403578876804916e-11,*,6.413487144346543e-10
Wuhan,tsc,w0_90,hwp95,32975,9657,-0.012088447415664567,0.001824297715804972,-0.015664070938642312,-0.008512823892686823,3.440731369451396e-11,*,6.005640208496983e-10
Chongqing,survival_post,w15_69,anyhw3,5869,1616,-0.24381860176968476,0.03852846332024892,-0.3193343898773726,-0.1683028136619969,2.4792158380403527e-10,*,3.966745340864564e-09
Wuhan,sc_pre,w0_90,hwp95,33627,9790,-0.013741714832338594,0.002175210122598014,-0.0180051266726307,-0.009478302992046488,2.659669110829366e-10,*,3.928126686763371e-09
Chongqing,survival_post,w70_90,tmax,5830,1614,-0.0213626769131779,0.0033847006364292366,-0.0279966901605792,-0.014728663665776595,2.7627054787397174e-10,*,3.788853227985898e-09
Wuhan,tsc,w70_90,hw3,34709,10090,-0.01330271277501148,0.0021509120910021273,-0.01751850047337565,-0.00908692507664731,6.222677718094941e-10,*,7.965027479161525e-09
Chongqing,np_post,w0_90,hw3,8143,2764,0.005683777336784266,0.0009238599974204279,0.0038730117418402277,0.0074945429317283055,7.641236919984166e-10,*,9.169484303981e-09
Wuhan,sc_pre,w15_69,hwp95,34400,10146,-0.01612873533119505,0.0027890933581379714,-0.021595358313145473,-0.010662112349244624,7.347267503484351e-09,*,8.298090356876444e-08
Chongqing,np_post,w0_90,hwp95,8143,2764,0.011116040869267171,0.0019571334596271968,0.007280059288397865,0.014952022450136477,1.3488687980161434e-08,*,1.438793384550553e-07
Wuhan,tsc,w15_69,hwp95,33725,10009,-0.012765629019570414,0.0023261648423604842,-0.017324912110596963,-0.008206345928543864,4.068698811948389e-08,*,4.111527220495214e-07
Wuhan,sc_pre,w70_90,anyhw3,35424,10226,-0.12659697518343893,0.023170098606517867,-0.17201036845221396,-0.0811835819146639,4.660270107554415e-08,*,4.4738593032522385e-07
Wuhan,sc_pre,w0_90,hw3,33627,9790,-0.0057059845388397114,0.0010507106768599258,-0.007765377465485166,-0.003646591612194257,5.6166353029190805e-08,*,5.135209419811731e-07
Wuhan,sc_pre,w0_9,tmax,35384,10256,-0.007620533017560604,0.0015012594316762972,-0.010563001503646146,-0.004678064531475061,3.8527406381114064e-07,*,3.3623918296244997e-06
Wuhan,pr_post,w0_90,tmax,15544,3267,-0.013702045918943013,0.00273831891609115,-0.019069150994481667,-0.00833494084340436,5.620620508514726e-07,*,4.691996250586207e-06
Chongqing,survival_post,w0_90,tmax,5869,1616,-0.017297533232529354,0.003646531058500882,-0.02444473410719108,-0.010150332357867626,2.0999631002283704e-06,*,1.6799704801826964e-05
Wuhan,tsc,w0_90,hw3,32975,9657,-0.004291320815460517,0.0009204605553947432,-0.006095423504034214,-0.0024872181268868207,3.129301825550288e-06,*,2.4033038020226214e-05
Chongqing,np_post,w0_9,hw3,8092,2744,0.019149431167414136,0.004129273070821089,0.011056055948604803,0.02724280638622347,3.5267864036405125e-06,*,2.604396113457609e-05
Chongqing,survival_post,w15_69,tmax,5869,1616,-0.014116550286347406,0.0031133445474760585,-0.02021870559940048,-0.008014394973294332,5.782015863543106e-06,*,4.111655725186209e-05
Wuhan,tsc,w70_90,tmax,34709,10090,-0.00773155477238328,0.0017146836373407401,-0.01109233470157113,-0.004370774843195429,6.512562911803423e-06,*,4.465757425236633e-05
Wuhan,sc_pre,w15_69,hw3,34400,10146,-0.005668313728223103,0.0012668186492941881,-0.00815127828083971,-0.0031853491756064943,7.660909258099724e-06,*,5.072050267431541e-05
Chongqing,np_post,w15_69,hwp95,8143,2764,0.011078924362505167,0.0024814234315781204,0.006215334436612051,0.015942514288398282,8.016394315088622e-06,*,5.1304923616567175e-05
Wuhan,sc_pre,w0_9,anyhw3,35384,10256,-0.11892728260934457,0.026761336059939297,-0.17137950128682558,-0.06647506393186356,8.830305945930342e-06,*,5.469092714898792e-05
Wuhan,tsc,w0_9,anyhw3,34677,10118,-0.11021520506200312,0.02493549981502239,-0.159088784699447,-0.06134162542455924,9.869548186240802e-06,*,5.9217289117444814e-05
Chongqing,np_post,w70_90,anyhw3,8096,2761,-0.15634844476402818,0.03588209946214252,-0.2266773597098275,-0.08601952981822884,1.316872408078996e-05,*,7.661803101550522e-05
Wuhan,pr_post,w15_69,tmax,15964,3455,-0.010142788422717833,0.0023928393790184337,-0.014832753605593963,-0.005452823239841703,2.24709014980752e-05,*,0.00012689450257736583
Wuhan,tsc,w70_90,anyhw3,34709,10090,-0.10298141600896027,0.024701084215505275,-0.15139554107135061,-0.05456729094656993,3.057979699086175e-05,*,0.00016775202920701302
Chongqing,pr_pre,w70_90,anyhw3,20384,10482,-0.11789845028922424,0.028573296556747004,-0.17390211154044838,-0.061894789038000116,3.688450446915016e-05,*,0.00019671735716880084
Chongqing,sc_pre,w70_90,tmax,20384,10482,0.008077586988666471,0.0019747377280935115,0.004207101041603188,0.011948072935729755,4.305172361762031e-05,*,0.00022340353877251621
Wuhan,tsc,w0_90,anyhw3,32975,9657,-0.08270431721486085,0.021524541420476186,-0.12489241839899418,-0.040516216030727525,0.00012187353221721644,*,0.0006157820575185672
Wuhan,sc_pre,w0_9,hw3,35384,10256,-0.01758225330738334,0.004717559647156138,-0.02682867021580937,-0.00833583639895731,0.00019378736442558718,*,0.0009540301017875061
Wuhan,pr_pre,w70_90,hw3,34732,10096,-0.008499727349823672,0.0022838784738220927,-0.012976129158514975,-0.00402332554113237,0.00019794891358448417,*,0.000950154785205524
Chongqing,np_post,w0_9,hwp95,8092,2744,0.02564727116992139,0.007200133642251052,0.011535009231109327,0.03975953310873345,0.00036796344034092276,*,0.0017231458669623699
Wuhan,tsc,w0_90,tmax,32975,9657,-0.006635217633768607,0.001883289522751322,-0.010326465098361198,-0.0029439701691760154,0.0004263592449183232,*,0.0019490708339123346
Chongqing,pr_post,w15_69,anyhw3,8143,2764,-0.13021700462665683,0.03816470474838253,-0.2050198259334866,-0.05541418331982707,0.0006449411375312853,*,0.0028797371722327158
Wuhan,sc_pre,w15_69,anyhw3,34400,10146,-0.0711452255152075,0.020987552919366426,-0.11228082923716569,-0.0300096217932493,0.0006992395813245547,*,0.0030512272639616933
Chongqing,sc_pre,w70_90,hw3,20384,10482,0.007872258974435813,0.0023607068234575064,0.0032452736004591008,0.012499244348412526,0.0008539017766258336,*,0.00364331424693689
Wuhan,tsc,w0_9,hw3,34677,10118,-0.014896118577464996,0.004478872573852897,-0.023674708822216672,-0.006117528332713319,0.0008814510010272053,*,0.0036790998303744223
Wuhan,tsc,w15_69,anyhw3,33725,10009,-0.06777871668276095,0.020546703262800184,-0.10805025507784931,-0.027507178287672587,0.0009711165774226862,*,0.003967114529045867
Chongqing,np_post,w15_69,tmax,8143,2764,0.007914094278531533,0.002417665172573588,0.0031754705402873007,0.012652718016775765,0.0010624501729498508,*,0.004249800691799403
Wuhan,tsc,w15_69,hw3,33725,10009,-0.003589605295010081,0.001110327315518242,-0.005765846833425835,-0.0014133637565943266,0.0012252958808423927,*,0.0048011593698314165
Wuhan,tsc,w15_69,tmax,33725,10009,-0.0053500085360369916,0.0016856621993045372,-0.008653906446673885,-0.0020461106254000988,0.0015044076848705445,*,0.00577692550990289
Chongqing,np_post,w0_9,tmax,8092,2744,0.0066123935322863776,0.0021114919998036883,0.002473869212671149,0.010750917851901607,0.0017384389639001582,*,0.006544711393506478
Wuhan,pr_pre,w70_90,hwp95,34732,10096,-0.011990992961260615,0.00387767604234556,-0.01959123800425791,-0.004390747918263318,0.0019860246937587413,*,0.00733301425387843
Wuhan,volume,w70_90,hwp95,34687,10083,-0.010733330964931079,0.0034726560703950992,-0.017539736862905473,-0.0039269250669566845,0.0019960921619977486,*,0.007231126322708826
Chongqing,pr_pre,w15_69,anyhw3,20503,10506,-0.07144233315334783,0.023686595316367864,-0.11786805997342883,-0.02501660633326682,0.002560062707220305,*,0.00910244518122775
Chongqing,pr_pre,w0_90,hwp95,20503,10506,-0.005523342848160799,0.001869831634589913,-0.009188212851957029,-0.00185847284436457,0.0031376001064694005,*,0.010953076735311363
Chongqing,pr_pre,w70_90,hwp95,20384,10482,-0.01107047308866432,0.004039976106076327,-0.018988826256573922,-0.003152119920754719,0.006139577039920326,*,0.021049978422583975
Chongqing,np_post,w0_90,tmax,8143,2764,0.00741986275562082,0.002780742405788452,0.001969607640275455,0.012870117870966185,0.0076235516117411995,*,0.02567933174481246
Chongqing,np_post,w70_90,hw3,8096,2761,-0.005917242121533005,0.0022753215410133898,-0.010376872341919249,-0.0014576119011467607,0.009305601382303796,*,0.03080474940348843
Wuhan,sc_pre,w0_90,anyhw3,33627,9790,-0.054955151244939875,0.021148014877619695,-0.09640526040507447,-0.013505042084805276,0.00936058107036207,*,0.030461551957788432
Chongqing,pr_post,w0_90,anyhw3,8143,2764,-0.09201041505506875,0.035584115229402524,-0.1617552809046977,-0.022265549205439814,0.00971769716345873,*,0.031096630923067935
Chongqing,sc_pre,w0_90,hw3,20503,10506,0.0024958343857438463,0.0009668792204558473,0.0006007511136503856,0.004390917657837307,0.009842043743504976,*,0.03097823604513042
Chongqing,survival_post,w70_90,hw3,5830,1614,-0.008417331471532855,0.0033123224420451105,-0.014909483457941271,-0.001925179485124438,0.01104672035393325,*,0.03420919851540619
Chongqing,tsc,w0_9,tmax,20371,10451,-0.004953871180746536,0.0019853534587239334,-0.008845163959845446,-0.0010625784016476268,0.01258830744878088,*,0.03836436555818935
Wuhan,volume,w0_90,anyhw3,32956,9651,-0.053468967893426436,0.021512046125021226,-0.09563257829846804,-0.011305357488384835,0.012935645532157774,*,0.03880693659647332
Chongqing,pr_post,w15_69,hwp95,8143,2764,-0.008537804454853705,0.003488601568884156,-0.01537546352986665,-0.0017001453798407588,0.014391382900509321,*,0.042509931029196764
Chongqing,pr_pre,w0_90,anyhw3,20503,10506,-0.056487449115149656,0.023357097119299154,-0.102267359468976,-0.010707538761323313,0.015587745762112151,*,0.045346169489780805
Chongqing,pr_pre,w70_90,hw3,20384,10482,-0.005355583865126689,0.0022384291091207213,-0.009742904919003302,-0.000968262811250075,0.016731130977166324,*,0.047945927576357225
Chongqing,np_post,w0_90,anyhw3,8143,2764,-0.07068829242735183,0.02959492699795652,-0.12869434934334661,-0.012682235511357054,0.016916049390085452,*,0.04776296298377069
Chongqing,survival_post,w0_90,hw3,5869,1616,-0.002721282953499172,0.0011424436821082264,-0.0049604725704312964,-0.0004820933365670484,0.017219629978589675,*,0.04791549211433649
Chongqing,survival_post,w70_90,hwp95,5830,1614,-0.010470041958659217,0.004518161971777447,-0.019325639423343012,-0.001614444493975421,0.02048612761274094,*,0.056190521452089436
Chongqing,pr_pre,w0_9,tmax,20371,10451,0.003969424225740742,0.0017592192032490383,0.000521354587372627,0.007417493864108857,0.024048365472960215,*,0.06503219958885016
Wuhan,sc_pre,w0_9,hwp95,35384,10256,-0.021021676840498556,0.00940805402490991,-0.03946146272932198,-0.002581890951675131,0.025454523309118116,*,0.06787872882431498
Chongqing,sc_pre,w70_90,hwp95,20384,10482,0.009984683959127267,0.004505360272716417,0.00115417782460309,0.018815190093651443,0.02667925863904327,*,0.07017010491364806
Chongqing,pr_pre,w15_69,tmax,20503,10506,0.004140776838717788,0.0018891784548480425,0.0004379870672156245,0.00784356661021995,0.02839106423455443,*,0.07366330179776284
Chongqing,survival_post,w0_90,hwp95,5869,1616,-0.005067968938233939,0.0023557487948091377,-0.009685236576059849,-0.0004507013004080296,0.031450969440463036,*,0.08051448176758537
Chongqing,survival_post,w0_9,anyhw3,5836,1606,-0.07407938398338035,0.03447687887461162,-0.14165406657761914,-0.006504701389141568,0.03166068656447419,*,0.07998489237340849
Chongqing,pr_pre,w0_90,tmax,20503,10506,0.004624432292379952,0.002164771808098983,0.00038147954850594606,0.008867385036253958,0.03266135577266295,*,0.08144130270586086
Wuhan,pr_post,w15_69,anyhw3,15964,3455,-0.058600829599389705,0.02785743262211733,-0.11320139753873967,-0.004000261660039736,0.0354135597518622,*,0.08717183938919927
Wuhan,tsc,w0_9,tmax,34677,10118,-0.0032437952428079207,0.001547253108232792,-0.006276411334944193,-0.00021117915067164848,0.03603905686003357,*,0.08758859388767654
Chongqing,pr_post,w0_90,hwp95,8143,2764,-0.005873515080600015,0.0028089887423161613,-0.01137913301553969,-0.00036789714566033867,0.036530629173132795,*,0.08767351001551871
Wuhan,pr_post,w70_90,hwp95,16709,3498,-0.012532697945633994,0.006012554357677121,-0.02431730448668115,-0.0007480914045868356,0.03712183821199696,*,0.08799250539140019
Wuhan,pr_pre,w0_90,hwp95,32998,9664,-0.0041391252722646306,0.002016314691856896,-0.008091102068304146,-0.00018714847622511473,0.040090319745768974,*,0.09387001696570296
Chongqing,sc_pre,w0_90,hwp95,20503,10506,0.004557720979636278,0.0022215638785723895,0.00020345577763439433,0.008911986181638161,0.040210280463087465,*,0.09301655239653968
Chongqing,pr_post,w0_9,anyhw3,8092,2744,-0.07142341728510859,0.03510857467912521,-0.140236223656194,-0.002610610914023176,0.04191549168212066,*,0.0958068381305615
Chongqing,survival_post,w0_9,hwp95,5836,1606,-0.011273110409721444,0.005637620765756339,-0.022322847110603866,-0.0002233737088390194,0.04554109843756483,*,0.10286930470602879
Chongqing,pr_pre,w15_69,hwp95,20503,10506,-0.004724017741225074,0.002372261122004394,-0.009373649540353687,-7.438594209646134e-05,0.046441701681060155,*,0.10368379910190174
Chongqing,sc_pre,w70_90,anyhw3,20384,10482,0.05987957658259835,0.030910446537897422,-0.0007048986316805991,0.1204640517968773,0.0527214554867405,,0.11635079831556525
Wuhan,pr_pre,w15_69,anyhw3,33748,10015,-0.03923411305627522,0.02040482388517317,-0.07922756787121463,0.0007593417586641907,0.05450691035230998,,0.11892416804140359
Wuhan,pr_pre,w0_9,anyhw3,34697,10124,-0.05011267162363819,0.02613331277419864,-0.10133396466106753,0.0011086214137911513,0.0551645128779417,,0.11900658957937985
Chongqing,volume,w0_90,tmax,20490,10499,-0.004703766012844346,0.0024669832670528038,-0.009539053216267843,0.00013152119057914958,0.05656107424834195,,0.12066362506312948
Chongqing,tsc,w0_90,hw3,20503,10506,0.0018510732048662663,0.0009714166708992972,-5.2903470096356134e-05,0.0037550498798288885,0.05670992882762343,,0.1196517179659747
Chongqing,pr_post,w15_69,tmax,8143,2764,0.005610380093458428,0.0029687640183072906,-0.00020839738242386073,0.011429157569340717,0.05878426959136913,,0.12268021479937906
Chongqing,sc_pre,w0_9,tmax,20371,10451,-0.003540260902766794,0.0018855944523808673,-0.007236026029433294,0.00015550422389970595,0.0604454350889821,,0.12479057566757595
Chongqing,pr_post,w70_90,anyhw3,8096,2761,-0.08420805071018791,0.04492048246313831,-0.172252196337939,0.0038360949175631764,0.06084742292275974,,0.12428409788478585
Wuhan,pr_pre,w0_90,hw3,32998,9664,-0.0018479007278148856,0.0009950367785573062,-0.003798172813787206,0.00010237135815743467,0.06329436560425118,,0.12792124416859188
Chongqing,sc_pre,w15_69,hw3,20503,10506,0.0021737612465334813,0.001178234038192652,-0.00013557746832411647,0.004483099961391079,0.06504748460143935,,0.1300949692028787
Wuhan,pr_pre,w70_90,anyhw3,34732,10096,-0.04312256805722126,0.0235403334494922,-0.08926162161822598,0.0030164855037834518,0.06697245335427268,,0.13256403138165315
Wuhan,pr_post,w15_69,hw3,15964,3455,0.0033417168505538775,0.0018283270526828048,-0.00024180417270441975,0.006925237873812174,0.06758773077143657,,0.13241677865424306
Chongqing,pr_post,w0_9,hw3,8092,2744,-0.009181276986082683,0.0050275184382244775,-0.019035213125002656,0.0006726591528372922,0.06781945807422211,,0.13152864596212774
Chongqing,volume,w70_90,tmax,20371,10474,-0.0035138757429882565,0.0019446203888371517,-0.007325331705109074,0.0002975802191325606,0.0707665528656335,,0.13587178150201634
Chongqing,survival_post,w0_9,hw3,5836,1606,-0.007794367970597391,0.004350610577794723,-0.016321564703075046,0.0007328287618802668,0.07320391446917182,,0.13915991661466326
Wuhan,pr_post,w0_90,hw3,15544,3267,0.0025806977543914155,0.0014419323241063868,-0.00024548960085710256,0.005406885109639934,0.07349417989854255,,0.1383419856913742
Wuhan,volume,w70_90,hw3,34687,10083,-0.003848806288062193,0.0021660507636951697,-0.008094265784904726,0.0003966532087803392,0.07558844098000003,,0.1409027249335923
Chongqing,tsc,w15_69,hw3,20503,10506,0.002101518581508677,0.0011941223580562558,-0.00023896124028158433,0.0044419984032989385,0.07842722823444559,,0.14478872904820725
Wuhan,tsc,w0_9,hwp95,34677,10118,-0.013861588273572482,0.007945175575949679,-0.029434132402433852,0.0017109558552888884,0.08104498512889231,,0.14819654423568882
Chongqing,volume,w15_69,tmax,20490,10499,-0.0037440384322825876,0.0021512962449795115,-0.00796057907244243,0.00047250220787725455,0.08179513128743188,,0.14815721893572567
Chongqing,tsc,w70_90,tmax,20384,10482,0.0033637211331658257,0.0019412155897764695,-0.0004410614227960542,0.007168503689127706,0.08313280201274793,,0.149172878378015
Chongqing,sc_pre,w0_90,tmax,20503,10506,0.004038418169340218,0.00235172325866562,-0.0005709594176443976,0.008647795756324834,0.08593960740977573,,0.15278152428404573
Wuhan,pr_pre,w0_9,hw3,34697,10124,-0.007798960791697899,0.004734018600165397,-0.017077637248022075,0.0014797156646262789,0.0994698438569579,,0.1752129359682194
Wuhan,pr_post,w0_90,anyhw3,15544,3267,-0.04860416788738971,0.0304040218632832,-0.10819605073942479,0.010987714964645366,0.10990732661587134,,0.19183824282043
Chongqing,pr_post,w0_9,hwp95,8092,2744,-0.013180491006908147,0.008250998570135816,-0.029352448204374347,0.0029914661905580536,0.11016723420115054,,0.19055954023982796
Chongqing,np_post,w0_9,anyhw3,8092,2744,0.04734085974721103,0.029883030487803105,-0.011229880008883059,0.10591159950330511,0.11314697358179535,,0.19396624042593485
Chongqing,tsc,w0_90,anyhw3,20503,10506,0.037214510891885856,0.023713466958911317,-0.009263884347580326,0.08369290613135204,0.11656855337866333,,0.19806338273188812
Wuhan,pr_post,w70_90,anyhw3,16709,3498,-0.05770607974557379,0.03685587472700088,-0.1299435942104955,0.014531434719347938,0.1174135492565084,,0.19774913558990892
Chongqing,pr_pre,w0_90,hw3,20503,10506,-0.0013343396265661238,0.0008758442829702322,-0.0030509944211877787,0.00038231516805553134,0.12763626915548262,,0.21309707545958836
Wuhan,pr_post,w0_9,tmax,16610,3525,-0.0033491117744054344,0.0022302693497345425,-0.0077204396998851385,0.0010222161510742693,0.133184301702153,,0.22044298212770153
Chongqing,sc_pre,w0_90,anyhw3,20503,10506,0.03584913518593264,0.02487982796667586,-0.012915327628752048,0.08461359800061732,0.14961530888256033,,0.24552255816625285
Chongqing,tsc,w70_90,hw3,20384,10482,0.0033773085347851366,0.002363727104321311,-0.0012555965896846326,0.008010213659254906,0.15305987095312712,,0.24904656968644412
Chongqing,pr_post,w0_90,tmax,8143,2764,0.004857167000702541,0.0034193164270213336,-0.0018446931962592724,0.011559027197664355,0.15545978494421933,,0.2508258715066396
Chongqing,sc_pre,w15_69,hwp95,20503,10506,0.0037459274762270817,0.0026507713971250816,-0.001449584462138078,0.008941439414592241,0.15761274707819706,,0.25218039532511527
Wuhan,volume,w70_90,anyhw3,34687,10083,-0.03264615232104853,0.023154634289785387,-0.0780292355290279,0.012736930886930828,0.15856368463800907,,0.2516051855413037
Chongqing,sc_pre,w15_69,tmax,20503,10506,0.0028987565918909735,0.0020651096148977203,-0.0011488582533085582,0.006946371437090505,0.16041365176555533,,0.2524542716310379
Chongqing,survival_post,w15_69,hw3,5869,1616,-0.0018302124178592608,0.0014031493751812901,-0.0045803851932145895,0.0009199603574960677,0.1921107455558454,,0.2998801881847343
Chongqing,survival_post,w15_69,hwp95,5869,1616,-0.003930313019116608,0.0030212562401032836,-0.009851975249719043,0.001991349211485828,0.193297130565951,,0.29929878281179506
Wuhan,pr_pre,w15_69,hwp95,33748,10015,-0.0033043957614444,0.0026253466438392594,-0.008450075183369349,0.0018412836604805483,0.2081563370882551,,0.3197281337675598
Chongqing,volume,w0_9,tmax,20358,10444,-0.002652768553900075,0.002120112232905336,-0.006808188530394534,0.0015026514225943838,0.21084704495224948,,0.3212907351653326
Wuhan,pr_pre,w15_69,tmax,33748,10015,0.0020230692415980234,0.0016538768546640787,-0.0012185293935435709,0.005264667876739617,0.22124341824682514,,0.3344782386093734
Chongqing,tsc,w15_69,anyhw3,20503,10506,0.02929937850967315,0.02418906262955439,-0.01811118424425345,0.07670994126359974,0.22579364329328688,,0.3386904649399303
Chongqing,volume,w70_90,hw3,20371,10474,-0.002952282319917177,0.0025161320312698235,-0.00788390110120603,0.0019793364613716765,0.24065885644313467,,0.3581899258688516
Chongqing,tsc,w0_90,hwp95,20503,10506,0.0024569900103175116,0.0021406331463013793,-0.0017386509564331918,0.006652630977068215,0.2510566763228331,,0.3707913988767997
Chongqing,pr_pre,w0_9,hwp95,20371,10451,-0.006819265851842827,0.0060047173343433366,-0.018588511827155766,0.004949980123470112,0.25610247372837525,,0.37535629737288584
Wuhan,volume,w0_90,hwp95,32956,9651,-0.002245186196096758,0.0019860199354570455,-0.006137785269592567,0.001647412877399051,0.25826757918390086,,0.37566193335840126
Wuhan,volume,w15_69,anyhw3,33706,10003,-0.023094923218391728,0.02046306064760109,-0.06320252208768987,0.017012675650906407,0.259060155918578,,0.37398157846892466
Chongqing,np_post,w15_69,anyhw3,8143,2764,0.03391453418045494,0.030803719623855367,-0.02646075628230158,0.09428982464321145,0.27090175952727535,,0.388157744994305
Chongqing,sc_pre,w15_69,anyhw3,20503,10506,0.026913633629367377,0.024988266283817843,-0.022063368286915595,0.07589063554565034,0.28145754570359516,,0.4002951761117798
Chongqing,pr_pre,w15_69,hw3,20503,10506,-0.0011354604017000404,0.0010858388449391336,-0.0032637045377807423,0.0009927837343806614,0.2957001065854056,,0.41745897400292553
Wuhan,volume,w0_9,anyhw3,34657,10111,-0.026148265352264354,0.02514440733247351,-0.07543130372391244,0.023134773019383728,0.2983753460683378,,0.41816106894248806
Chongqing,np_post,w70_90,tmax,8096,2761,-0.0024017664697619946,0.0024046989562240945,-0.00711497642396122,0.0023114434844372306,0.3179010254654121,,0.4422970789083994
Chongqing,tsc,w70_90,anyhw3,20384,10482,0.03170799346333654,0.0317881841969238,-0.03059684756263411,0.0940128344893072,0.3185328667339121,,0.43998784469720237
Chongqing,pr_post,w70_90,hw3,8096,2761,0.0034633596687755593,0.0034976344788047783,-0.0033920039096818058,0.010318723247232924,0.32207609202381704,,0.4417043547755205
Wuhan,volume,w0_9,hwp95,34657,10111,0.008751565724513412,0.008890089006760337,-0.00867300872873685,0.026176140177763672,0.3249099160716401,,0.4424305240124461
Chongqing,tsc,w70_90,hwp95,20384,10482,0.003747808967667522,0.003959596325631159,-0.00401299983056955,0.011508617765904594,0.34388705008211484,,0.4649740395476482
Wuhan,pr_pre,w0_9,hwp95,34697,10124,-0.008493257876422498,0.00906056713240282,-0.026251969455932025,0.00926545370308703,0.348559523618753,,0.4679960037398641
Chongqing,volume,w70_90,hwp95,20371,10474,-0.0040040288202421595,0.004454486290278272,-0.012734821949187573,0.004726764308703253,0.36871895184984427,,0.49162526913312576
Wuhan,volume,w15_69,hw3,33706,10003,0.001082241398156534,0.0012375603357191746,-0.001343376859853048,0.003507859656166116,0.3818482702680831,,0.5056197785618755
Wuhan,pr_pre,w15_69,hw3,33748,10015,-0.000956835294473852,0.0012098453045795395,-0.0033281320914497494,0.0014144615025020453,0.42901747417385994,,0.5641873632971309
Wuhan,volume,w15_69,tmax,33706,10003,0.0013790314726690458,0.0017584012653674968,-0.0020674350074512482,0.004825497952789339,0.4328916700724501,,0.565409528257894
Chongqing,volume,w0_9,anyhw3,20358,10444,0.01990388683070929,0.025888913710306723,-0.03083838404149189,0.07064615770291047,0.44200081197576435,,0.57340645877937
Chongqing,pr_post,w70_90,hwp95,8096,2761,0.0042677801698510175,0.00582651262943546,-0.007152184583842484,0.01568774492354452,0.46387813799495425,,0.5977490100337665
Chongqing,tsc,w0_9,hwp95,20371,10451,0.004501906804951783,0.00615963424949768,-0.007570976324063669,0.016574789933967236,0.46485708205598997,,0.5950170650316672
Chongqing,pr_post,w15_69,hw3,8143,2764,-0.0011829722104658923,0.0016688357547492336,-0.0044538902897743905,0.0020879458688426054,0.4784108771787956,,0.6083105193266805
Wuhan,pr_post,w0_90,hwp95,15544,3267,-0.002148100381963601,0.0030406187764618585,-0.008107713183828844,0.003811512419901641,0.47989704051420556,,0.6061857353863649
Wuhan,pr_pre,w0_90,anyhw3,32998,9664,-0.014035193969248854,0.020588574663169205,-0.0543888003090605,0.026318412370562788,0.4954298156897896,,0.6217158471401282
Chongqing,tsc,w15_69,hwp95,20503,10506,0.0017952785834177436,0.002689712761546882,-0.0034765584292141445,0.007067115596049632,0.5044776623217686,,0.628959163414153
Chongqing,pr_post,w0_90,hw3,8143,2764,-0.000911883136953984,0.0013867803243286813,-0.0036299725726381994,0.0018062062987302312,0.5108246742510045,,0.6327634674593088
Wuhan,pr_pre,w70_90,tmax,34732,10096,-0.0011055277199377893,0.0016968237451116719,-0.004431302260356667,0.0022202468204810875,0.5147058837921946,,0.6334841646673164
Wuhan,volume,w0_90,tmax,32956,9651,0.0012719471230163233,0.0019645720262250967,-0.0025786140483848663,0.0051225082944175125,0.5173456964703864,,0.6326775396325744
Chongqing,volume,w15_69,anyhw3,20490,10499,0.016966906478688787,0.026843565690577338,-0.035646482274842795,0.06958029523222037,0.5273437197057308,,0.6408227479968375
Chongqing,survival_post,w0_9,tmax,5836,1606,-0.0019922691711530657,0.0032361415930975473,-0.008335106693624259,0.0043505683513181265,0.5381380689637831,,0.6498271021449457
Wuhan,pr_pre,w0_9,tmax,34697,10124,0.0008086929808432908,0.0014329942403012565,-0.0019999757301471716,0.0036173616918337534,0.5725241830858114,,0.6870290197029737
Chongqing,tsc,w0_9,anyhw3,20371,10451,0.01304128068264839,0.023288885180542444,-0.032604934271214796,0.05868749563651158,0.575493936027446,,0.6863033274364574
Wuhan,pr_post,w70_90,hw3,16709,3498,-0.001854719780127132,0.0034125070315984404,-0.008543233562060075,0.004833794001805811,0.5867811112646696,,0.6954442800173861
Wuhan,volume,w0_9,hw3,34657,10111,-0.0024853951790645974,0.00460669148006941,-0.011514510480000642,0.006543720121871446,0.5895291500355602,,0.6944147043363653
Chongqing,np_post,w70_90,hwp95,8096,2761,-0.0021550744721215744,0.004130852054146629,-0.010251544498248968,0.005941395554005819,0.6018777149919103,,0.704637324868578
Wuhan,volume,w0_9,tmax,34657,10111,0.0008079464763856253,0.0015659642148645263,-0.0022613433847488464,0.003877236337520097,0.6058950225307498,,0.7050414807630543
Chongqing,volume,w0_90,anyhw3,20490,10499,0.013172133279203054,0.02593514861357935,-0.03766075800341247,0.06400502456181857,0.6115323634360701,,0.7073145408417196
Wuhan,pr_post,w0_9,hwp95,16610,3525,0.0067105917634507906,0.013925075771986066,-0.0205825567496419,0.03400374027654348,0.6298719992672746,,0.7241642147264474
Chongqing,sc_pre,w0_9,hwp95,20371,10451,0.0029305153647246297,0.006273064143416739,-0.009364690356372177,0.015225721085821438,0.6403864678484601,,0.7318702489696687
Chongqing,volume,w70_90,anyhw3,20371,10474,-0.014290604273156654,0.031233808981379705,-0.07550886987666088,0.046927661330347564,0.6472855509835755,,0.7353776673896243
Wuhan,pr_pre,w0_90,tmax,32998,9664,0.0007912189366826232,0.0018509410909283912,-0.0028366256015370235,0.004419063474902269,0.66903815333788,,0.7556195614168998
Wuhan,volume,w15_69,hwp95,33706,10003,-0.0010859291284208627,0.002640134039635226,-0.006260591846105905,0.00408873358926418,0.6808409066998025,,0.7644529478734625
Chongqing,pr_post,w0_9,tmax,8092,2744,-0.001119694992353511,0.0027623636879096844,-0.0065339278206564926,0.00429453783594947,0.6852280083286642,,0.764905683715718
Wuhan,pr_post,w0_9,hw3,16610,3525,0.0024963099787253347,0.006593714446887165,-0.01042737033717351,0.015419990294624177,0.7049928418418787,,0.7824198013505244
Chongqing,tsc,w15_69,tmax,20503,10506,-0.0007717336557645575,0.00204476171177127,-0.004779466610836247,0.003235999299307132,0.7058616186227706,,0.7788817860665056
Chongqing,sc_pre,w0_9,anyhw3,20371,10451,0.008513030185734146,0.022819323211851116,-0.036212843309494036,0.05323890368096233,0.7091020445948459,,0.7779862432126311
Chongqing,volume,w0_9,hwp95,20358,10444,0.002585231462886699,0.007074526154228487,-0.011280839799401136,0.016451302725174533,0.7147917830343916,,0.7797728542193364
Chongqing,pr_post,w70_90,tmax,8096,2761,0.0010581109740743382,0.002981346562550564,-0.004785328288524767,0.006901550236673444,0.7226566986093055,,0.7838987917117891
Chongqing,pr_pre,w0_9,hw3,20371,10451,0.001167522672816804,0.00333024818891803,-0.005359763777462535,0.007694809123096143,0.7259025026222597,,0.7829959578846847
Chongqing,tsc,w0_90,tmax,20503,10506,-0.0007976473332385446,0.0023597412429551805,-0.005422740169430698,0.003827445502953609,0.7353456896233652,,0.7887506838418219
Wuhan,pr_post,w15_69,hwp95,15964,3455,-0.0012824358308208177,0.00401925582438726,-0.009160177246619848,0.006595305584978212,0.7496711917803289,,0.799649271232351
Chongqing,volume,w15_69,hw3,20490,10499,0.00044261665093840496,0.0013947753807023973,-0.0022911430952382936,0.0031763763971151037,0.7509863733570121,,0.7966264291963886
Wuhan,volume,w70_90,tmax,34687,10083,-0.0005285695413719455,0.0017071959276370341,-0.0038746735595405323,0.0028175344767966412,0.7568554970136637,,0.7984409638825463
Chongqing,pr_pre,w0_9,anyhw3,20371,10451,-0.00658959553660696,0.02281404872311998,-0.05130513103392212,0.038125939960708205,0.7727043000619598,,0.8107061508846791
Chongqing,pr_pre,w70_90,tmax,20384,10482,0.0004515620722066599,0.0018694518596527997,-0.0032125635727128276,0.004115687717126147,0.8091305373240465,,0.844310125903353
Chongqing,volume,w0_90,hwp95,20490,10499,-0.0005416727121121926,0.0025771214718037978,-0.0055928307968476365,0.0045094853726232505,0.8335231544409888,,0.86506186839281
Chongqing,volume,w0_9,hw3,20358,10444,0.0008328531601829568,0.004205040100774979,-0.007409025437336002,0.009074731757701916,0.8429975773175791,,0.87019104755363
Chongqing,sc_pre,w0_9,hw3,20371,10451,0.0006051193420706045,0.00353914023771193,-0.006331595523844778,0.007541834207985988,0.8642401261811237,,0.8873481509453247
Wuhan,volume,w0_90,hw3,32956,9651,0.0001547071130463353,0.0010164400424331915,-0.0018375153701227199,0.0021469295962153905,0.8790253619174737,,0.8977280291923135
Chongqing,volume,w15_69,hwp95,20490,10499,-0.0003235377663655177,0.003216254198989945,-0.00662739599638581,0.005980320463654775,0.9198722929868214,,0.9344734404945487
Chongqing,volume,w0_90,hw3,20490,10499,5.871983176884647e-05,0.0011376800126023973,-0.0021711329929318523,0.0022885726564695454,0.9588365330547695,,0.9689295491921881
Wuhan,pr_post,w0_9,anyhw3,16610,3525,-0.0016335057339186784,0.03822918290908598,-0.0765627042357272,0.07329569276788983,0.9659173331166948,,0.9709744919288241
Chongqing,tsc,w0_9,hw3,20371,10451,-7.763487484845772e-05,0.003637065827386532,-0.007206283896526061,0.007051014146829146,0.982970073297113,,0.9829700732971128
