cohort,outcome,outcome_label,native_unit,exposure_metric,exposure_window,n_confirmatory_model,n_donors_confirmatory_model,n_locked_sample_for_SD,analysis_sample_sd,analysis_sample_median,beta_sd_units,ci_low_sd_units,ci_high_sd_units,effect_native_units,ci_low_native_units,ci_high_native_units,percent_of_median,p_value,q_value_bh
Chongqing,np_post,Post-thaw non-progressive motility,percentage points,hwp95,w0_9,8102,2745,8144,2.1,2.0,0.2638,0.1764,0.3511,0.554,0.371,0.738,27.71,3.258530403790953e-09,4.236089524928239e-08
Chongqing,np_post,Post-thaw non-progressive motility,percentage points,tmax,w0_9,8102,2745,8144,2.1,2.0,0.007,0.0029,0.0111,0.015,0.006,0.023,0.73,0.0009077868599297,0.0029503072947716
Chongqing,np_post,Post-thaw non-progressive motility,percentage points,anyhw3,w0_9,8102,2745,8144,2.1,2.0,0.0473,-0.0112,0.1059,0.099,-0.024,0.223,4.97,0.1130798971815949,0.2027639535669977
Chongqing,np_post,Post-thaw non-progressive motility,percentage points,hwp95,w0_90,8143,2763,8144,2.1,2.0,0.1905,0.1351,0.2459,0.4,0.284,0.517,20.01,1.5953413468632723e-11,3.555332144438149e-10
Chongqing,np_post,Post-thaw non-progressive motility,percentage points,tmax,w0_90,8143,2763,8144,2.1,2.0,0.0076,0.0021,0.0131,0.016,0.004,0.027,0.8,0.0069228610291787,0.0196357512827616
Chongqing,np_post,Post-thaw non-progressive motility,percentage points,anyhw3,w0_90,8143,2763,8144,2.1,2.0,-0.0709,-0.1289,-0.0129,-0.149,-0.271,-0.027,-7.45,0.0165556511016174,0.0441580673671605
Chongqing,np_post,Post-thaw non-progressive motility,percentage points,hwp95,w15_69,8143,2763,8144,2.1,2.0,0.122,0.0635,0.1805,0.256,0.133,0.379,12.82,4.338545128609804e-05,0.0001933751543037
Chongqing,np_post,Post-thaw non-progressive motility,percentage points,tmax,w15_69,8143,2763,8144,2.1,2.0,0.008,0.0033,0.0128,0.017,0.007,0.027,0.84,0.0009655384961213,0.0030739592937741
Chongqing,np_post,Post-thaw non-progressive motility,percentage points,anyhw3,w15_69,8143,2763,8144,2.1,2.0,0.034,-0.0264,0.0943,0.071,-0.055,0.198,3.57,0.2700953614154694,0.3795934809082273
Chongqing,np_post,Post-thaw non-progressive motility,percentage points,anyhw3,w70_90,8143,2763,8144,2.1,2.0,-0.1565,-0.2267,-0.0862,-0.329,-0.476,-0.181,-16.44,1.281421820018794e-05,7.403770515664142e-05
Chongqing,np_post,Post-thaw non-progressive motility,percentage points,hwp95,w70_90,8143,2763,8144,2.1,2.0,0.0488,-0.0269,0.1245,0.103,-0.057,0.262,5.13,0.2066427493473411,0.3223626889818522
Chongqing,np_post,Post-thaw non-progressive motility,percentage points,tmax,w70_90,8143,2763,8144,2.1,2.0,-0.0024,-0.007,0.0022,-0.005,-0.015,0.005,-0.25,0.3119848680692475,0.4345503519535947
Chongqing,pr_post,Post-thaw progressive motility,percentage points,anyhw3,w0_9,8102,2745,8144,5.82,40.0,-0.0721,-0.1408,-0.0033,-0.419,-0.82,-0.019,-1.05,0.0400109567589811,0.0891672750628723
Chongqing,pr_post,Post-thaw progressive motility,percentage points,hwp95,w0_9,8102,2745,8144,5.82,40.0,-0.0657,-0.1608,0.0294,-0.383,-0.936,0.171,-0.96,0.1755601530597966,0.293147136622106
Chongqing,pr_post,Post-thaw progressive motility,percentage points,tmax,w0_9,8102,2745,8144,5.82,40.0,-0.0016,-0.0069,0.0038,-0.009,-0.04,0.022,-0.02,0.5688212144895419,0.6722432534876405
Chongqing,pr_post,Post-thaw progressive motility,percentage points,hwp95,w0_90,8143,2763,8144,5.82,40.0,-0.1625,-0.2413,-0.0836,-0.946,-1.405,-0.486,-2.36,5.431585752618169e-05,0.0002353687159467
Chongqing,pr_post,Post-thaw progressive motility,percentage points,anyhw3,w0_90,8143,2763,8144,5.82,40.0,-0.0907,-0.1604,-0.021,-0.528,-0.934,-0.122,-1.32,0.0107444827994814,0.0299310592271269
Chongqing,pr_post,Post-thaw progressive motility,percentage points,tmax,w0_90,8143,2763,8144,5.82,40.0,0.0046,-0.0021,0.0114,0.027,-0.012,0.066,0.07,0.1785190896096158,0.293147136622106
Chongqing,pr_post,Post-thaw progressive motility,percentage points,hwp95,w15_69,8143,2763,8144,5.82,40.0,-0.1805,-0.2632,-0.0979,-1.051,-1.532,-0.57,-2.63,1.8533120251365896e-05,9.96954054901062e-05
Chongqing,pr_post,Post-thaw progressive motility,percentage points,anyhw3,w15_69,8143,2763,8144,5.82,40.0,-0.1303,-0.2051,-0.0555,-0.758,-1.194,-0.323,-1.9,0.000639633664958,0.0021691924289881
Chongqing,pr_post,Post-thaw progressive motility,percentage points,tmax,w15_69,8143,2763,8144,5.82,40.0,0.0053,-0.0006,0.0112,0.031,-0.003,0.065,0.08,0.0761219479016669,0.1484377984082505
Chongqing,pr_post,Post-thaw progressive motility,percentage points,anyhw3,w70_90,8143,2763,8144,5.82,40.0,-0.0821,-0.1702,0.006,-0.478,-0.99,0.035,-1.19,0.0677208225903481,0.1372006275856404
Chongqing,pr_post,Post-thaw progressive motility,percentage points,tmax,w70_90,8143,2763,8144,5.82,40.0,0.0018,-0.004,0.0076,0.011,-0.023,0.044,0.03,0.5394146063242793,0.6518588297939512
Chongqing,pr_post,Post-thaw progressive motility,percentage points,hwp95,w70_90,8143,2763,8144,5.82,40.0,-0.0148,-0.1214,0.0918,-0.086,-0.706,0.534,-0.21,0.7859319865798847,0.8514263187948752
Chongqing,pr_pre,Pre-freezing progressive motility,percentage points,hwp95,w0_9,8102,2745,8144,3.91,53.0,-0.2961,-0.3784,-0.2138,-1.158,-1.48,-0.836,-2.18,1.7790855142513476e-12,6.938433505580256e-11
Chongqing,pr_pre,Pre-freezing progressive motility,percentage points,tmax,w0_9,8102,2745,8144,3.91,53.0,-0.0091,-0.0143,-0.0039,-0.036,-0.056,-0.015,-0.07,0.0006232048816048,0.0021604435895635
Chongqing,pr_pre,Pre-freezing progressive motility,percentage points,anyhw3,w0_9,8102,2745,8144,3.91,53.0,-0.0345,-0.1041,0.0352,-0.135,-0.407,0.138,-0.25,0.3325014346948532,0.451045424455627
Chongqing,pr_pre,Pre-freezing progressive motility,percentage points,hwp95,w0_90,8143,2763,8144,3.91,53.0,-0.2423,-0.3179,-0.1666,-0.947,-1.243,-0.652,-1.79,3.3859388205104275e-10,4.801876872723879e-09
Chongqing,pr_pre,Pre-freezing progressive motility,percentage points,tmax,w0_90,8143,2763,8144,3.91,53.0,-0.0177,-0.0243,-0.0111,-0.069,-0.095,-0.044,-0.13,1.324077323946246e-07,1.2909753908475898e-06
Chongqing,pr_pre,Pre-freezing progressive motility,percentage points,anyhw3,w0_90,8143,2763,8144,3.91,53.0,-0.1825,-0.2598,-0.1052,-0.714,-1.016,-0.412,-1.35,3.687062601503943e-06,2.212237560902366e-05
Chongqing,pr_pre,Pre-freezing progressive motility,percentage points,hwp95,w15_69,8143,2763,8144,3.91,53.0,-0.2577,-0.332,-0.1834,-1.008,-1.298,-0.717,-1.9,1.044645570533244e-11,2.7160784833864335e-10
Chongqing,pr_pre,Pre-freezing progressive motility,percentage points,tmax,w15_69,8143,2763,8144,3.91,53.0,-0.0141,-0.0197,-0.0084,-0.055,-0.077,-0.033,-0.1,1.1411308413352795e-06,8.476971964204934e-06
Chongqing,pr_pre,Pre-freezing progressive motility,percentage points,anyhw3,w15_69,8143,2763,8144,3.91,53.0,-0.159,-0.2397,-0.0783,-0.622,-0.937,-0.306,-1.17,0.0001135108193207,0.0004659917845797
Chongqing,pr_pre,Pre-freezing progressive motility,percentage points,tmax,w70_90,8143,2763,8144,3.91,53.0,-0.0153,-0.0213,-0.0093,-0.06,-0.083,-0.036,-0.11,5.527412179155086e-07,5.072213529107021e-06
Chongqing,pr_pre,Pre-freezing progressive motility,percentage points,anyhw3,w70_90,8143,2763,8144,3.91,53.0,-0.2192,-0.3074,-0.131,-0.857,-1.202,-0.512,-1.62,1.1064027159021675e-06,8.476971964204934e-06
Chongqing,pr_pre,Pre-freezing progressive motility,percentage points,hwp95,w70_90,8143,2763,8144,3.91,53.0,-0.1414,-0.2399,-0.0428,-0.553,-0.938,-0.167,-1.04,0.0049497402780064,0.0145690468560188
Chongqing,sc_post,Post-thaw sperm concentration,x10^6/mL,hwp95,w0_9,8102,2745,8144,8.83,60.0,-0.0907,-0.1837,0.0022,-0.802,-1.622,0.019,-1.34,0.0555665619401462,0.1171403197657137
Chongqing,sc_post,Post-thaw sperm concentration,x10^6/mL,anyhw3,w0_9,8102,2745,8144,8.83,60.0,0.0549,-0.0154,0.1252,0.485,-0.136,1.106,0.81,0.1259039760604611,0.2206856209599094
Chongqing,sc_post,Post-thaw sperm concentration,x10^6/mL,tmax,w0_9,8102,2745,8144,8.83,60.0,-0.0012,-0.0068,0.0043,-0.011,-0.06,0.038,-0.02,0.6649648941899279,0.7425251515757108
Chongqing,sc_post,Post-thaw sperm concentration,x10^6/mL,tmax,w0_90,8143,2763,8144,8.83,60.0,-0.0059,-0.0127,0.0009,-0.052,-0.113,0.008,-0.09,0.08838453199444,0.1681461828186908
Chongqing,sc_post,Post-thaw sperm concentration,x10^6/mL,hwp95,w0_90,8143,2763,8144,8.83,60.0,-0.0657,-0.1449,0.0134,-0.581,-1.28,0.118,-0.97,0.103439737889224,0.1876348733804528
Chongqing,sc_post,Post-thaw sperm concentration,x10^6/mL,anyhw3,w0_90,8143,2763,8144,8.83,60.0,0.0243,-0.0459,0.0945,0.215,-0.406,0.835,0.36,0.4978500135221865,0.6163857310274691
Chongqing,sc_post,Post-thaw sperm concentration,x10^6/mL,tmax,w15_69,8143,2763,8144,8.83,60.0,-0.0066,-0.0125,-0.0007,-0.058,-0.11,-0.006,-0.1,0.0290327896654996,0.0696786951971992
Chongqing,sc_post,Post-thaw sperm concentration,x10^6/mL,anyhw3,w15_69,8143,2763,8144,8.83,60.0,0.0779,0.0072,0.1487,0.688,0.063,1.313,1.15,0.0309036469325051,0.0719547600219521
Chongqing,sc_post,Post-thaw sperm concentration,x10^6/mL,hwp95,w15_69,8143,2763,8144,8.83,60.0,0.0063,-0.0737,0.0863,0.056,-0.651,0.763,0.09,0.877339405150141,0.9247631567798784
Chongqing,sc_post,Post-thaw sperm concentration,x10^6/mL,hwp95,w70_90,8143,2763,8144,8.83,60.0,-0.0537,-0.1723,0.0649,-0.474,-1.521,0.573,-0.79,0.3750393993263925,0.4903110483514315
Chongqing,sc_post,Post-thaw sperm concentration,x10^6/mL,tmax,w70_90,8143,2763,8144,8.83,60.0,-0.0016,-0.0076,0.0044,-0.014,-0.067,0.039,-0.02,0.6007077886427915,0.6957800042850099
Chongqing,sc_post,Post-thaw sperm concentration,x10^6/mL,anyhw3,w70_90,8143,2763,8144,8.83,60.0,-0.0228,-0.1112,0.0655,-0.202,-0.982,0.579,-0.34,0.6124111016370593,0.7024715577601562
Chongqing,sc_pre,Pre-freezing sperm concentration,x10^6/mL,tmax,w0_9,8102,2745,8144,21.39,84.0,-0.0055,-0.0114,0.0005,-0.117,-0.244,0.01,-0.14,0.0704854066836865,0.1391863726918367
Chongqing,sc_pre,Pre-freezing sperm concentration,x10^6/mL,hwp95,w0_9,8102,2745,8144,21.39,84.0,-0.0341,-0.1396,0.0714,-0.729,-2.986,1.527,-0.87,0.526338582464847,0.6465261327914656
Chongqing,sc_pre,Pre-freezing sperm concentration,x10^6/mL,anyhw3,w0_9,8102,2745,8144,21.39,84.0,0.003,-0.0714,0.0775,0.065,-1.527,1.658,0.08,0.9361007174614678,0.9607349468683486
Chongqing,sc_pre,Pre-freezing sperm concentration,x10^6/mL,hwp95,w0_90,8143,2763,8144,21.39,84.0,-0.0615,-0.1594,0.0365,-1.315,-3.41,0.781,-1.57,0.2188930348646742,0.3380922122662295
Chongqing,sc_pre,Pre-freezing sperm concentration,x10^6/mL,anyhw3,w0_90,8143,2763,8144,21.39,84.0,0.0302,-0.0513,0.1118,0.647,-1.097,2.391,0.77,0.467275018570868,0.5878621201375437
Chongqing,sc_pre,Pre-freezing sperm concentration,x10^6/mL,tmax,w0_90,8143,2763,8144,21.39,84.0,-0.0013,-0.0089,0.0063,-0.028,-0.191,0.135,-0.03,0.7332340689428003,0.8055247517963159
Chongqing,sc_pre,Pre-freezing sperm concentration,x10^6/mL,hwp95,w15_69,8143,2763,8144,21.39,84.0,-0.0562,-0.1548,0.0424,-1.202,-3.312,0.908,-1.43,0.2641604414407903,0.375845201767409
Chongqing,sc_pre,Pre-freezing sperm concentration,x10^6/mL,anyhw3,w15_69,8143,2763,8144,21.39,84.0,0.0395,-0.0401,0.1191,0.846,-0.857,2.548,1.01,0.3302730615761886,0.451045424455627
Chongqing,sc_pre,Pre-freezing sperm concentration,x10^6/mL,tmax,w15_69,8143,2763,8144,21.39,84.0,-0.0021,-0.0088,0.0046,-0.045,-0.188,0.099,-0.05,0.5432156914949593,0.6518588297939512
Chongqing,sc_pre,Pre-freezing sperm concentration,x10^6/mL,tmax,w70_90,8143,2763,8144,21.39,84.0,0.0053,-0.0011,0.0116,0.113,-0.023,0.248,0.13,0.1031891770710071,0.1876348733804528
Chongqing,sc_pre,Pre-freezing sperm concentration,x10^6/mL,anyhw3,w70_90,8143,2763,8144,21.39,84.0,0.045,-0.0514,0.1415,0.963,-1.099,3.026,1.15,0.3599989907942126,0.4759308691855692
Chongqing,sc_pre,Pre-freezing sperm concentration,x10^6/mL,hwp95,w70_90,8143,2763,8144,21.39,84.0,-0.0108,-0.1468,0.1253,-0.23,-3.141,2.68,-0.27,0.876789336429124,0.9247631567798784
Chongqing,tsc,Total sperm count,x10^6 per ejaculate,tmax,w0_9,8102,2745,8144,130.62,339.76,-0.0053,-0.0114,0.0008,-0.695,-1.492,0.103,-0.2,0.0877794074143969,0.1681461828186908
Chongqing,tsc,Total sperm count,x10^6 per ejaculate,anyhw3,w0_9,8102,2745,8144,130.62,339.76,0.0064,-0.0644,0.0771,0.831,-8.408,10.069,0.24,0.8600827282744667,0.9189925041836768
Chongqing,tsc,Total sperm count,x10^6 per ejaculate,hwp95,w0_9,8102,2745,8144,130.62,339.76,0.0022,-0.1033,0.1077,0.282,-13.499,14.063,0.08,0.9679997280625544,0.9861154005717266
Chongqing,tsc,Total sperm count,x10^6 per ejaculate,tmax,w0_90,8143,2763,8144,130.62,339.76,-0.0088,-0.0161,-0.0014,-1.144,-2.1,-0.188,-0.34,0.0189962452997801,0.0477970043026726
Chongqing,tsc,Total sperm count,x10^6 per ejaculate,hwp95,w0_90,8143,2763,8144,130.62,339.76,-0.0582,-0.1518,0.0353,-7.608,-19.823,4.606,-2.24,0.2221369195396463,0.339738818119459
Chongqing,tsc,Total sperm count,x10^6 per ejaculate,anyhw3,w0_90,8143,2763,8144,130.62,339.76,-0.0122,-0.0848,0.0603,-1.598,-11.071,7.876,-0.47,0.7409919203743562,0.8083548222265704
Chongqing,tsc,Total sperm count,x10^6 per ejaculate,tmax,w15_69,8143,2763,8144,130.62,339.76,-0.0072,-0.0135,-0.0009,-0.942,-1.769,-0.114,-0.28,0.025711702410958,0.0626722746267102
Chongqing,tsc,Total sperm count,x10^6 per ejaculate,hwp95,w15_69,8143,2763,8144,130.62,339.76,-0.0753,-0.1699,0.0193,-9.834,-22.194,2.526,-2.89,0.1188857864115422,0.2107520759113702
Chongqing,tsc,Total sperm count,x10^6 per ejaculate,anyhw3,w15_69,8143,2763,8144,130.62,339.76,0.0228,-0.0526,0.0982,2.98,-6.873,12.833,0.88,0.553307420658038,0.6589004398675872
Chongqing,tsc,Total sperm count,x10^6 per ejaculate,tmax,w70_90,8143,2763,8144,130.62,339.76,-0.0051,-0.011,0.0008,-0.669,-1.443,0.105,-0.2,0.090298325336863,0.16971733436808
Chongqing,tsc,Total sperm count,x10^6 per ejaculate,anyhw3,w70_90,8143,2763,8144,130.62,339.76,-0.0635,-0.1583,0.0313,-8.293,-20.675,4.089,-2.44,0.1892725163873706,0.3043970366642249
Chongqing,tsc,Total sperm count,x10^6 per ejaculate,hwp95,w70_90,8143,2763,8144,130.62,339.76,-0.0536,-0.1726,0.0654,-7.003,-22.545,8.539,-2.06,0.3771623448857165,0.4903110483514315
Chongqing,volume,Semen volume,mL,hwp95,w0_9,8102,2745,8144,1.37,3.89,0.0474,-0.0833,0.1782,0.065,-0.114,0.244,1.67,0.4768273479408728,0.5950805302302092
Chongqing,volume,Semen volume,mL,tmax,w0_9,8102,2745,8144,1.37,3.89,-0.0017,-0.0088,0.0053,-0.002,-0.012,0.007,-0.06,0.6284130048881158,0.7155651734492413
Chongqing,volume,Semen volume,mL,anyhw3,w0_9,8102,2745,8144,1.37,3.89,0.0036,-0.0792,0.0864,0.005,-0.108,0.118,0.13,0.9318370520957016,0.9607349468683486
Chongqing,volume,Semen volume,mL,tmax,w0_90,8143,2763,8144,1.37,3.89,-0.0093,-0.0175,-0.0011,-0.013,-0.024,-0.002,-0.33,0.0255748947709079,0.0626722746267102
Chongqing,volume,Semen volume,mL,anyhw3,w0_90,8143,2763,8144,1.37,3.89,-0.0399,-0.1231,0.0434,-0.055,-0.169,0.059,-1.4,0.3482667071255672,0.4683586750999006
Chongqing,volume,Semen volume,mL,hwp95,w0_90,8143,2763,8144,1.37,3.89,-0.0065,-0.1211,0.1082,-0.009,-0.166,0.148,-0.23,0.9116268400574472,0.9480919136597448
Chongqing,volume,Semen volume,mL,tmax,w15_69,8143,2763,8144,1.37,3.89,-0.0068,-0.0139,0.0004,-0.009,-0.019,0.0,-0.24,0.0625326797789679,0.1300679739402532
Chongqing,volume,Semen volume,mL,hwp95,w15_69,8143,2763,8144,1.37,3.89,-0.0321,-0.1478,0.0836,-0.044,-0.202,0.114,-1.13,0.5865608978983163,0.6879962411438898
Chongqing,volume,Semen volume,mL,anyhw3,w15_69,8143,2763,8144,1.37,3.89,-0.0012,-0.0912,0.0888,-0.002,-0.125,0.122,-0.04,0.9797941480039593,0.9861154005717266
Chongqing,volume,Semen volume,mL,tmax,w70_90,8143,2763,8144,1.37,3.89,-0.0107,-0.0168,-0.0046,-0.015,-0.023,-0.006,-0.38,0.0005848495850088,0.0020735576195769
Chongqing,volume,Semen volume,mL,anyhw3,w70_90,8143,2763,8144,1.37,3.89,-0.1068,-0.2037,-0.0098,-0.146,-0.279,-0.013,-3.76,0.0308572634097753,0.0719547600219521
Chongqing,volume,Semen volume,mL,hwp95,w70_90,8143,2763,8144,1.37,3.89,-0.0351,-0.1671,0.0969,-0.048,-0.229,0.133,-1.24,0.6021173114004893,0.6957800042850099
Wuhan,pr_post,Post-thaw progressive motility,percentage points,anyhw3,w0_9,16621,2688,17268,4.92,43.0,-0.1438,-0.245,-0.0426,-0.707,-1.204,-0.209,-1.64,0.005348129256403,0.0154501511851644
Wuhan,pr_post,Post-thaw progressive motility,percentage points,hwp95,w0_9,16621,2688,17268,4.92,43.0,-0.152,-0.3059,0.0018,-0.747,-1.504,0.009,-1.74,0.0527957458277837,0.1143907826268647
Wuhan,pr_post,Post-thaw progressive motility,percentage points,tmax,w0_9,16621,2688,17268,4.92,43.0,-0.0022,-0.0068,0.0025,-0.011,-0.034,0.012,-0.03,0.3568290235650087,0.4757720314200115
Wuhan,pr_post,Post-thaw progressive motility,percentage points,tmax,w0_90,16621,2688,17268,4.92,43.0,-0.0116,-0.017,-0.0063,-0.057,-0.084,-0.031,-0.13,2.248280429834353e-05,0.0001131392732432
Wuhan,pr_post,Post-thaw progressive motility,percentage points,hwp95,w0_90,16621,2688,17268,4.92,43.0,-0.168,-0.2542,-0.0817,-0.826,-1.25,-0.402,-1.92,0.0001349258658506,0.0005397034634026
Wuhan,pr_post,Post-thaw progressive motility,percentage points,anyhw3,w0_90,16621,2688,17268,4.92,43.0,-0.0858,-0.1387,-0.0328,-0.422,-0.682,-0.161,-0.98,0.0014974158784728,0.0046719375408353
Wuhan,pr_post,Post-thaw progressive motility,percentage points,tmax,w15_69,16621,2688,17268,4.92,43.0,-0.0091,-0.0138,-0.0044,-0.045,-0.068,-0.021,-0.1,0.00016583402303,0.000646752689817
Wuhan,pr_post,Post-thaw progressive motility,percentage points,hwp95,w15_69,16621,2688,17268,4.92,43.0,-0.1351,-0.2268,-0.0434,-0.664,-1.115,-0.214,-1.54,0.003866525801659,0.011599577404977
Wuhan,pr_post,Post-thaw progressive motility,percentage points,anyhw3,w15_69,16621,2688,17268,4.92,43.0,-0.0537,-0.1086,0.0012,-0.264,-0.534,0.006,-0.61,0.0551404958456806,0.1171403197657137
Wuhan,pr_post,Post-thaw progressive motility,percentage points,tmax,w70_90,16621,2688,17268,4.92,43.0,-0.0172,-0.0221,-0.0123,-0.085,-0.109,-0.06,-0.2,6.275530886693836e-12,1.9579656366484768e-10
Wuhan,pr_post,Post-thaw progressive motility,percentage points,hwp95,w70_90,16621,2688,17268,4.92,43.0,-0.2072,-0.3102,-0.1043,-1.019,-1.525,-0.513,-2.37,7.941310584292476e-05,0.000334822824635
Wuhan,pr_post,Post-thaw progressive motility,percentage points,anyhw3,w70_90,16621,2688,17268,4.92,43.0,-0.0649,-0.1336,0.0038,-0.319,-0.657,0.019,-0.74,0.0640387276549626,0.1314479146601865
Wuhan,pr_pre,Pre-freezing progressive motility,percentage points,anyhw3,w0_9,16621,2688,17268,3.19,62.0,-0.0529,-0.1338,0.0281,-0.169,-0.427,0.09,-0.27,0.2007504674285152,0.3163340698873573
Wuhan,pr_pre,Pre-freezing progressive motility,percentage points,hwp95,w0_9,16621,2688,17268,3.19,62.0,-0.0296,-0.1518,0.0925,-0.095,-0.484,0.295,-0.15,0.6342693627381717,0.7170001491822809
Wuhan,pr_pre,Pre-freezing progressive motility,percentage points,tmax,w0_9,16621,2688,17268,3.19,62.0,0.0004,-0.0038,0.0045,0.001,-0.012,0.015,0.0,0.8548053741477977,0.9189925041836768
Wuhan,pr_pre,Pre-freezing progressive motility,percentage points,anyhw3,w0_90,16621,2688,17268,3.19,62.0,-0.0617,-0.1128,-0.0107,-0.197,-0.36,-0.034,-0.32,0.0177750121846388,0.0456246878219229
Wuhan,pr_pre,Pre-freezing progressive motility,percentage points,tmax,w0_90,16621,2688,17268,3.19,62.0,0.0037,-0.0013,0.0087,0.012,-0.004,0.028,0.02,0.1506782710148443,0.2583056074540188
Wuhan,pr_pre,Pre-freezing progressive motility,percentage points,hwp95,w0_90,16621,2688,17268,3.19,62.0,-0.0479,-0.1251,0.0294,-0.153,-0.399,0.094,-0.25,0.2245069322563334,0.3400299168154176
Wuhan,pr_pre,Pre-freezing progressive motility,percentage points,anyhw3,w15_69,16621,2688,17268,3.19,62.0,-0.0852,-0.139,-0.0314,-0.272,-0.444,-0.1,-0.44,0.0018985037091637,0.0058071878162657
Wuhan,pr_pre,Pre-freezing progressive motility,percentage points,tmax,w15_69,16621,2688,17268,3.19,62.0,0.0044,-0.0,0.0089,0.014,-0.0,0.028,0.02,0.0518599259344611,0.1139457527574076
Wuhan,pr_pre,Pre-freezing progressive motility,percentage points,hwp95,w15_69,16621,2688,17268,3.19,62.0,-0.0666,-0.1536,0.0204,-0.213,-0.49,0.065,-0.34,0.1333101801893024,0.2310709789947908
Wuhan,pr_pre,Pre-freezing progressive motility,percentage points,tmax,w70_90,16621,2688,17268,3.19,62.0,0.0024,-0.0024,0.0072,0.008,-0.008,0.023,0.01,0.3251926087194207,0.4489384686745984
Wuhan,pr_pre,Pre-freezing progressive motility,percentage points,hwp95,w70_90,16621,2688,17268,3.19,62.0,-0.044,-0.1457,0.0578,-0.14,-0.465,0.184,-0.23,0.3970310062925659,0.5076789916527892
Wuhan,pr_pre,Pre-freezing progressive motility,percentage points,anyhw3,w70_90,16621,2688,17268,3.19,62.0,0.0154,-0.0546,0.0854,0.049,-0.174,0.273,0.08,0.6663687257730737,0.7425251515757108
Wuhan,sc_pre,Pre-freezing sperm concentration,x10^6/mL,tmax,w0_9,16621,2688,17268,7.52,64.0,-0.0103,-0.0159,-0.0047,-0.078,-0.12,-0.036,-0.12,0.0002872322476457,0.0010668626341128
Wuhan,sc_pre,Pre-freezing sperm concentration,x10^6/mL,hwp95,w0_9,16621,2688,17268,7.52,64.0,0.0098,-0.1503,0.17,0.074,-1.131,1.279,0.12,0.9042284650642292,0.9467089969799984
Wuhan,sc_pre,Pre-freezing sperm concentration,x10^6/mL,anyhw3,w0_9,16621,2688,17268,7.52,64.0,-0.0005,-0.0979,0.097,-0.003,-0.736,0.729,-0.01,0.9925689509724024,0.9925689509724024
Wuhan,sc_pre,Pre-freezing sperm concentration,x10^6/mL,tmax,w0_90,16621,2688,17268,7.52,64.0,-0.0186,-0.0249,-0.0123,-0.14,-0.188,-0.092,-0.22,8.53726592228603e-09,9.512953456261577e-08
Wuhan,sc_pre,Pre-freezing sperm concentration,x10^6/mL,hwp95,w0_90,16621,2688,17268,7.52,64.0,-0.2404,-0.3371,-0.1436,-1.808,-2.536,-1.08,-2.83,1.116840944131227e-06,8.476971964204934e-06
Wuhan,sc_pre,Pre-freezing sperm concentration,x10^6/mL,anyhw3,w0_90,16621,2688,17268,7.52,64.0,-0.0409,-0.1008,0.019,-0.308,-0.758,0.143,-0.48,0.1804086217515655,0.2931640103462941
Wuhan,sc_pre,Pre-freezing sperm concentration,x10^6/mL,tmax,w15_69,16621,2688,17268,7.52,64.0,-0.0165,-0.0221,-0.0109,-0.124,-0.166,-0.082,-0.19,8.386145666688037e-09,9.512953456261577e-08
Wuhan,sc_pre,Pre-freezing sperm concentration,x10^6/mL,hwp95,w15_69,16621,2688,17268,7.52,64.0,-0.1857,-0.2911,-0.0802,-1.396,-2.19,-0.603,-2.18,0.0005597684641774,0.0020307879165509
Wuhan,sc_pre,Pre-freezing sperm concentration,x10^6/mL,anyhw3,w15_69,16621,2688,17268,7.52,64.0,-0.0524,-0.1139,0.0091,-0.394,-0.856,0.068,-0.62,0.0948249502336741,0.1761034790053948
Wuhan,sc_pre,Pre-freezing sperm concentration,x10^6/mL,hwp95,w70_90,16621,2688,17268,7.52,64.0,-0.3032,-0.3973,-0.209,-2.28,-2.989,-1.572,-3.56,2.7700750647526185e-10,4.321317101014085e-09
Wuhan,sc_pre,Pre-freezing sperm concentration,x10^6/mL,tmax,w70_90,16621,2688,17268,7.52,64.0,-0.0147,-0.0199,-0.0095,-0.111,-0.15,-0.071,-0.17,3.0267772518920465e-08,3.147848341967728e-07
Wuhan,sc_pre,Pre-freezing sperm concentration,x10^6/mL,anyhw3,w70_90,16621,2688,17268,7.52,64.0,-0.0414,-0.1102,0.0273,-0.312,-0.829,0.206,-0.49,0.2377356335793788,0.3532072270322201
Wuhan,tsc,Total sperm count,x10^6 per ejaculate,hwp95,w0_9,16621,2688,17268,86.6,210.0,-0.0953,-0.2386,0.0479,-8.257,-20.66,4.146,-3.93,0.191957666605821,0.3055652652092661
Wuhan,tsc,Total sperm count,x10^6 per ejaculate,anyhw3,w0_9,16621,2688,17268,86.6,210.0,-0.0559,-0.1504,0.0387,-4.839,-13.028,3.35,-2.3,0.2468184627268738,0.3598474783681524
Wuhan,tsc,Total sperm count,x10^6 per ejaculate,tmax,w0_9,16621,2688,17268,86.6,210.0,0.0001,-0.005,0.0052,0.007,-0.434,0.448,0.0,0.9744245124373212,0.9861154005717266
Wuhan,tsc,Total sperm count,x10^6 per ejaculate,anyhw3,w0_90,16621,2688,17268,86.6,210.0,-0.1543,-0.2181,-0.0905,-13.361,-18.885,-7.837,-6.36,2.1311106700299678e-06,1.511151202384886e-05
Wuhan,tsc,Total sperm count,x10^6 per ejaculate,hwp95,w0_90,16621,2688,17268,86.6,210.0,-0.1962,-0.2869,-0.1055,-16.991,-24.843,-9.138,-8.09,2.2247103625160013e-05,0.0001131392732432
Wuhan,tsc,Total sperm count,x10^6 per ejaculate,tmax,w0_90,16621,2688,17268,86.6,210.0,-0.0041,-0.0102,0.0019,-0.359,-0.882,0.164,-0.17,0.1780745337303757,0.293147136622106
Wuhan,tsc,Total sperm count,x10^6 per ejaculate,anyhw3,w15_69,16621,2688,17268,86.6,210.0,-0.1469,-0.2079,-0.0858,-12.718,-18.004,-7.433,-6.06,2.4040426478028144e-06,1.6305680567706046e-05
Wuhan,tsc,Total sperm count,x10^6 per ejaculate,hwp95,w15_69,16621,2688,17268,86.6,210.0,-0.1853,-0.2827,-0.088,-16.05,-24.478,-7.623,-7.64,0.0001894262259465,0.0007207436889672
Wuhan,tsc,Total sperm count,x10^6 per ejaculate,tmax,w15_69,16621,2688,17268,86.6,210.0,-0.0031,-0.0086,0.0024,-0.269,-0.742,0.204,-0.13,0.2650190525283012,0.375845201767409
Wuhan,tsc,Total sperm count,x10^6 per ejaculate,hwp95,w70_90,16621,2688,17268,86.6,210.0,-0.2011,-0.2974,-0.1047,-17.412,-25.755,-9.069,-8.29,4.303011648742528e-05,0.0001933751543037
Wuhan,tsc,Total sperm count,x10^6 per ejaculate,tmax,w70_90,16621,2688,17268,86.6,210.0,-0.0067,-0.0121,-0.0013,-0.581,-1.049,-0.113,-0.28,0.0150540778695169,0.0412006341692043
Wuhan,tsc,Total sperm count,x10^6 per ejaculate,anyhw3,w70_90,16621,2688,17268,86.6,210.0,-0.0644,-0.1341,0.0054,-5.576,-11.617,0.465,-2.66,0.0704100276178146,0.1391863726918367
Wuhan,volume,Semen volume,mL,hwp95,w0_9,16621,2688,17268,1.28,3.2,-0.0904,-0.2386,0.0578,-0.115,-0.304,0.074,-3.61,0.2316133712786198,0.3474200569179296
Wuhan,volume,Semen volume,mL,tmax,w0_9,16621,2688,17268,1.28,3.2,0.0031,-0.0021,0.0082,0.004,-0.003,0.011,0.12,0.2456991694949731,0.3598474783681524
Wuhan,volume,Semen volume,mL,anyhw3,w0_9,16621,2688,17268,1.28,3.2,-0.0552,-0.1505,0.0401,-0.07,-0.192,0.051,-2.2,0.2563798899404013,0.3703265076916907
Wuhan,volume,Semen volume,mL,anyhw3,w0_90,16621,2688,17268,1.28,3.2,-0.1384,-0.2014,-0.0755,-0.177,-0.257,-0.096,-5.52,1.62207035971928e-05,9.037249147007416e-05
Wuhan,volume,Semen volume,mL,hwp95,w0_90,16621,2688,17268,1.28,3.2,-0.1159,-0.2107,-0.021,-0.148,-0.269,-0.027,-4.62,0.0167008075298876,0.0441580673671605
Wuhan,volume,Semen volume,mL,tmax,w0_90,16621,2688,17268,1.28,3.2,0.0013,-0.0048,0.0074,0.002,-0.006,0.009,0.05,0.6818345988757404,0.7543701945008192
Wuhan,volume,Semen volume,mL,anyhw3,w15_69,16621,2688,17268,1.28,3.2,-0.1276,-0.1885,-0.0667,-0.163,-0.241,-0.085,-5.09,4.018782953074898e-05,0.0001933751543037
Wuhan,volume,Semen volume,mL,hwp95,w15_69,16621,2688,17268,1.28,3.2,-0.1225,-0.2239,-0.0211,-0.156,-0.286,-0.027,-4.88,0.0178404228021621,0.0456246878219229
Wuhan,volume,Semen volume,mL,tmax,w15_69,16621,2688,17268,1.28,3.2,0.0017,-0.0038,0.0072,0.002,-0.005,0.009,0.07,0.5413289967315414,0.6518588297939512
Wuhan,volume,Semen volume,mL,hwp95,w70_90,16621,2688,17268,1.28,3.2,-0.104,-0.2032,-0.0049,-0.133,-0.259,-0.006,-4.15,0.0397521990792983,0.0891672750628723
Wuhan,volume,Semen volume,mL,anyhw3,w70_90,16621,2688,17268,1.28,3.2,-0.0485,-0.1171,0.0202,-0.062,-0.149,0.026,-1.93,0.1662917328720299,0.2819729383482246
Wuhan,volume,Semen volume,mL,tmax,w70_90,16621,2688,17268,1.28,3.2,-0.0024,-0.0078,0.0031,-0.003,-0.01,0.004,-0.09,0.3933627931027138,0.5071454192068047
